	sample	sc3_8_clusters	sc3_4_clusters	PC_1	PC_2	PC_3	UMAP_1	UMAP_2
AAAAGATTATGA	DMSO	DMSO.1	3	6.52717413408554	-7.67735214000103	-6.99466885737293	2.21293213563421	3.91323991030288
AAACAAAGAGGA	DMSO	DMSO.1	1	-3.16310749504266	-3.88030591931485	2.17475116442576	1.48335316377141	-1.8608491876738
AAAGCCTATGTA	DMSO	DMSO.1	1	-5.73503381140446	-2.36351752798732	2.82361815694482	1.61943962769964	-2.29361419469285
AAAGTTCCTTCG	DMSO	DMSO.1	3	5.78369893193154	-7.45744582463766	-5.53139257660559	2.18791129785039	3.79343743532729
AAATGACTTCAC	DMSO	DMSO.2	2	3.54212904293736	-3.10394070254538	-8.89221124547965	2.09434178071477	4.56919141024184
AACACTTGCTAG	DMSO	DMSO.1	1	-6.99638276900013	-3.62195516121669	-1.55626148531573	1.93450262742498	-0.253787682356116
AACCGGTTCTTT	DMSO	DMSO.1	1	6.26478023812224	-7.59798362333373	-6.75196202562005	2.40553715424993	3.16503854006362
AACCTTAGTAGC	DMSO	DMSO.1	1	-3.35239610225166	-3.76840024474812	1.0252420853448	1.87682440476873	0.394131078420403
AACGTGCGCGAG	DMSO	DMSO.2	1	1.12344698148322	-0.683155351108676	0.455940095757518	2.60242059426763	4.46897812098098
AACGTGCTGAGA	DMSO	DMSO.1	1	-2.0474177725708	-5.58802649744415	-1.30442474819377	3.20030691819646	2.67935104578567
AACTCAGCGCAG	DMSO	DMSO.2	1	-6.15527187515888	-1.82032985906924	1.58412821392199	1.81955650048711	-2.49711875707078
AAGACGTGAGGC	DMSO	DMSO.2	2	-2.16442061122327	1.30436041601149	-5.63696567863626	4.038378502898	-1.86823229581284
AAGATCTAACGC	DMSO	DMSO.1	1	1.6912483560364	-4.02149936696227	-0.214425306946446	1.93418314652898	3.48171158045364
AATGAGCCGACT	DMSO	DMSO.1	1	-2.14073763093884	-5.33388409422683	-0.581912680901757	1.26589670377233	3.75485940188003
AATGGGTTACCT	DMSO	DMSO.1	3	10.4234536541503	-6.18782524603319	-6.03762849421152	1.89260962205388	3.82368440836501
AATGTCGACGAC	DMSO	DMSO.1	1	-5.71555781553501	-4.82083844792619	2.51830173622956	1.62818434434392	-1.81761364728379
AATTGGTCCCCC	DMSO	DMSO.1	3	14.0304555986511	4.86196706891515	-3.98215565410144	2.34711649613836	5.00715465754104
ACAGAGGGGTCT	DMSO	DMSO.1	1	0.142182027077282	-6.55593382889802	-4.0231008755951	2.37506869035222	1.9567251941545
ACCCCAGTACAG	DMSO	DMSO.2	1	5.72794567245452	-1.73649139289732	-7.16545402146427	2.1186471243427	5.23163433283401
ACCCTGAATATT	DMSO	DMSO.1	1	-1.08014609328506	-4.69008219756767	-0.519091374414042	2.14635160165288	1.93781430929733
ACCGTGAGTCTT	DMSO	DMSO.1	1	4.79734076488646	-1.41278723198271	0.0453682007512256	2.34804275231817	3.81249542444778
ACGCTCATATAA	DMSO	DMSO.2	2	-1.6123826064817	5.53350367822409	-2.42912243082735	2.49654200273015	4.36514253824783
ACGCTTGCATGT	DMSO	DMSO.1	1	1.13102118983764	-5.34316466665271	-0.00337664582892503	2.07377031045415	3.03118653505874
ACGTGGCCATAA	DMSO	DMSO.1	1	-3.37638414818276	-4.55939526611896	-2.16851719187005	2.08516195016362	1.5151848933084
ACTTAGACACGC	DMSO	DMSO.1	1	0.445862625925424	-4.48604363906072	-0.181814368934814	2.76453116136052	3.45351500719619
ACTTCCGGTTCG	DMSO	DMSO.1	1	4.16240621107169	-7.51007330683939	-4.92925047355109	2.71588447289922	3.35437579363418
AGAAACTGGCGG	DMSO	DMSO.1	1	-1.29390407681496	-4.58042592040879	-1.53875343187791	1.94274785714605	2.49169380873275
AGAAGAAGTAGC	DMSO	DMSO.1	1	6.24850554083945	-1.68130139498204	-6.31512008228357	2.03500154214361	5.20916242807937
AGACATGACGAC	DMSO	DMSO.1	1	0.88673095352755	-7.14702416781645	-2.85947092235719	3.06717207627752	2.92188472956252
AGAGCGGACTTC	DMSO	DMSO.1	1	4.60426208733957	-5.97921203241799	-4.66998363988705	2.36206700997808	3.59299345224929
AGCACTCCGATT	DMSO	DMSO.2	2	13.0805241977564	-0.576739154172755	-13.4060641065774	2.38054707246282	4.51516885965896
AGCCGCAGAGGC	DMSO	DMSO.1	1	-3.72949026593351	0.731733838809112	-3.60596531982638	4.68641021447637	-2.71146135121751
AGCGGGGCTTAA	DMSO	DMSO.1	1	1.59709220728996	-1.63060874388218	0.279876233004674	1.42446711259343	3.773364259897
AGCTTGCCGCTA	DMSO	DMSO.1	1	-2.25342690056883	-2.41748109806678	-3.26578111129046	2.29098751740911	1.79383470028472
AGGAAAAACTGA	DMSO	DMSO.1	1	5.66581873037692	-6.81396769089338	-4.59152738409713	2.00092199044683	3.8125590822084
AGGCACTTCTGG	DMSO	DMSO.1	1	0.428714834589019	-6.67286375759582	-3.61548713568356	2.78002431588628	2.51919491499496
AGGGAACCCTTG	DMSO	DMSO.1	1	-1.74301883432337	-7.19555495353645	-2.01362679780639	2.32300164895513	2.48852844446731
AGGGCCTCCTAA	DMSO	DMSO.1	1	5.33344324789188	-4.02024476707721	-7.40793130149982	1.78905990319707	4.23461599558425
AGTCGAGTTGGC	DMSO	DMSO.2	2	-6.14495147508183	0.499359582622236	-2.02815865297324	3.52027394967534	-4.58446864873337
AGTGACGGGCCA	DMSO	DMSO.1	3	9.49289593644665	-4.18296638541375	-4.56916223985185	1.92207553582647	3.62362261026931
ATAAGCGGTCGA	DMSO	DMSO.1	1	-3.87969449144539	-6.05269344949872	-0.219567932244404	1.76761248307683	0.171025170980218
ATAATTGTATGG	DMSO	DMSO.1	1	-1.59266487911111	-3.47881634938753	1.64258670162603	1.67508843141057	2.46333809107375
ATACATACCGCA	DMSO	DMSO.1	1	3.74617416825285	-6.84495366652472	-5.05861568494487	1.72791483598211	4.38710041254592
ATAGACGACCCA	DMSO	DMSO.1	1	0.970710044172289	-5.30849114081073	-2.89356125282879	2.1040306349323	3.30584640711379
ATAGTCCGGTTT	DMSO	DMSO.2	2	3.19612525600102	1.79783092791419	-4.16870599265976	1.93224933343389	5.17409916132522
ATCACCTAGAGT	DMSO	DMSO.1	1	4.94044196880873	-0.672330160538047	-1.45810298521638	2.17211201386907	5.0972110769136
ATCCCATATCAG	DMSO	DMSO.1	1	1.71218425178469	-8.45095967757585	-3.68990025795737	1.86387803750493	2.79923863619399
ATCCGGCAAGAA	DMSO	DMSO.1	1	-3.00753857508981	-1.30632682604227	1.16533844359284	2.20510819154241	-0.801968739332435
ATGAAATTGAAT	DMSO	DMSO.1	1	-3.25093980292067	-7.10327259994526	-1.761379345961	2.26976611810186	2.29733259886337
ATGACCCTACTT	DMSO	DMSO.2	1	1.54716932271009	1.21557926137228	-1.08417290068238	1.52550032334783	4.17460413187576
ATGCCCGCTTCC	DMSO	DMSO.2	1	-2.52729363882198	-0.670350649073436	-2.27401337288529	2.06985166268804	-0.38049833566117
ATGCGAGCCCTC	DMSO	DMSO.2	2	-5.02760797658354	1.8536657790205	-1.88622878846241	3.59120586114385	-4.61098413258958
ATGTACATGACA	DMSO	DMSO.1	1	2.18331307892743	-1.83698683110209	0.386586070289586	2.42614057260015	3.68627138346267
ATTAACCGTAAG	DMSO	DMSO.2	2	-3.03866000727847	-0.852127376196061	-2.81939680770671	1.82914283471563	-0.232015536131141
ATTAACGGTCAC	DMSO	DMSO.1	1	-2.30575922183128	-0.364904143436909	-0.47793131930734	1.46152379708745	-0.471444533170936
ATTATCTTGGTC	DMSO	DMSO.1	1	5.38751919906121	-5.0706293720834	-1.61129012519857	2.45619800286748	4.17386837214065
ATTTCCAGAGTA	DMSO	DMSO.2	3	16.8409203956199	-3.72260593880264	-13.0013226334548	2.17653539376714	4.38902945726943
ATTTCGAACGAT	DMSO	DMSO.1	1	-1.05158306431618	-6.3434730839493	-2.80530729420151	2.27802255349614	2.44567997664047
CAAATCACTGGG	DMSO	DMSO.1	1	-5.98364016916246	-2.82814139319598	3.53420230282996	1.70610072808721	-2.05852823048997
CAAATCGCCTGC	DMSO	DMSO.2	1	-0.0563139581865035	-2.37583511554232	-2.60126028157824	2.60235192971685	3.39232607096267
CAACATGACTTG	DMSO	DMSO.1	1	0.39190200749024	-3.54278476106728	-2.48928707765077	2.49257853227117	2.99375577181411
CAATCGCATGAT	DMSO	DMSO.1	1	1.05880960534349	-3.95298648721327	-2.25909010552266	2.88632371621587	3.19326229303909
CACGGGGAGTTC	DMSO	DMSO.2	2	-7.04300640307739	2.3085398661371	0.523378852426482	2.9733674784229	-4.10710792333054
CACGTGGGCCCG	DMSO	DMSO.1	1	3.46366280366901	-1.92145719099599	-2.15731168754482	2.35927107530095	4.62794585436416
CACGTGTTCTGA	DMSO	DMSO.1	1	-4.12373114222578	-4.23038305463366	-3.99503361021515	2.21647432046392	1.77695394962859
CACTAGAAAATG	DMSO	DMSO.2	1	-1.06705668383438	-2.2023807445332	-4.25654811945497	1.98180296617009	5.22039909571243
CACTCACCAACC	DMSO	DMSO.1	1	-2.70128231652227	-3.1107507958763	2.44811117500434	1.50646927552678	-1.64146857053208
CACTGACTAGCC	DMSO	DMSO.1	1	0.639426893940141	-6.46182439653756	-2.94442361086853	3.05414774613836	2.99924297541213
CAGATATCATAA	DMSO	DMSO.2	2	12.0381576547747	10.266902103169	-15.5786913220718	1.7005894442127	4.57524485796523
CAGCAGAGGATC	DMSO	DMSO.1	1	-3.02968665021812	-3.15410095742485	-1.9161952847627	2.02753999429204	-0.275189206899879
CAGCGAGCCTCT	DMSO	DMSO.1	1	2.68163818539328	-6.18542198930824	-3.81680229089978	3.00168373780706	2.99522395342422
CATACTGCATGT	DMSO	DMSO.1	1	1.35330280183363	-2.52707924927243	-1.01530057750327	2.51063611703374	3.70635028093887
CATGCACATATG	DMSO	DMSO.1	3	-0.173475200847667	-6.60157060563127	-2.34251951923931	1.16417505937078	3.88129563540054
CATGCCCTAGGC	DMSO	DMSO.1	1	3.0150757517096	-5.19827127353708	-6.34682205483996	1.74060156541326	4.23199529856277
CATTCTCCACTT	DMSO	DMSO.1	1	4.13379069798401	-7.75396519153613	-2.39858409367971	2.76676681237676	3.29292555063796
CCAACGTTGCTG	DMSO	DMSO.1	1	-2.46053511467962	-6.44493639821843	-3.56714061629924	3.23079111772039	2.65918894022537
CCAGCAGGTAAT	DMSO	DMSO.1	1	-0.605508799427484	-8.78997212874831	-2.16025011205864	3.04595473008611	2.85106201380325
CCATTCCCTGCC	DMSO	DMSO.1	1	-4.16971479978016	-4.52569571488695	-0.710983363948262	1.20266082482793	-0.565065191091773
CCCATCCTCGGT	DMSO	DMSO.1	1	-2.20355814246282	-2.50707202667605	3.46416981369982	1.20619394975164	-1.94940786153245
CCCATGCACTTA	DMSO	DMSO.2	4	-6.90703268929833	-2.91822962169717	8.13856044648442	-10.2788436154797	-6.65160350591111
CCCCGGGGTAAT	DMSO	DMSO.1	1	-3.39650747163078	-1.69387750293207	3.54047344192404	1.88928320603826	-1.85809831410813
CCCGCAGTCGGT	DMSO	DMSO.1	1	-2.92385074028473	-2.84807461094996	0.16849088685799	2.13923552232244	-0.82956592828202
CCCGCTGCCTAA	DMSO	DMSO.1	1	6.27699742617023	-7.64143502724155	-5.3775233634625	2.97617271142461	3.22502513140273
CCCTAGTTCCGA	DMSO	DMSO.1	1	5.86211433262264	-5.2184624384642	-4.14035044628726	1.69438269334295	4.15555758684707
CCGCGAACGGAA	DMSO	DMSO.1	1	-1.28583346329596	-3.33810904541073	0.426352045764108	2.2187390585468	-0.782960341276405
CCGTACTCTATT	DMSO	DMSO.2	1	9.87069554363796	-1.2962292594486	-9.52079813796037	2.3029036779926	4.47626919954849
CCGTCTGGAACC	DMSO	DMSO.1	1	5.95649998879379	-3.1183248955968	-2.71773666468266	2.21769192414739	4.29853053301406
CCTCAAATACGA	DMSO	DMSO.2	2	-2.33992803292681	0.399249631125791	-4.35728591732014	3.77886369424321	-4.13822870046067
CCTCACGACGTA	DMSO	DMSO.2	2	-2.67263571373341	6.28134318655541	-6.51997212524783	5.63068845468023	-4.14066104680466
CCTCTCTCGGAG	DMSO	DMSO.1	1	-6.92070043546852	-2.16489130447528	2.07792300131426	1.59510638909795	-2.52244810849595
CCTGCCCCCATC	DMSO	DMSO.2	4	-9.72605934654999	-1.14504718928783	7.51443421862232	-9.95782635015986	-6.04819993764329
CCTTACTCGGGA	DMSO	DMSO.1	1	-4.87042935708541	-2.16888281023879	1.50995308531461	1.11571827130773	-0.779908106626746
CCTTGGTTAGAG	DMSO	DMSO.1	1	-8.74464998376211	-2.11487507130716	2.94293261700866	1.80587246613958	-2.45571331769395
CGAATCCCATTC	DMSO	DMSO.2	4	-8.46249494669319	-2.58521478133444	7.72866853300568	-9.97149631781123	-6.06561927586961
CGAATTACGGTC	DMSO	DMSO.1	1	5.32618205389072	-7.00321704466024	-4.56749544377846	2.36884668069341	3.26423235148025
CGAGAGCAGGCT	DMSO	DMSO.1	1	-1.77672191638595	-5.69332358283419	-2.48602604879253	3.11382081704595	2.77572818010879
CGAGTGGCTCCC	DMSO	DMSO.1	1	8.65653184483044	-6.38345847651733	-7.07533438361581	2.05325224595525	5.27601499765945
CGATTGACCGGT	DMSO	DMSO.1	1	-7.31834915343434	-3.70406665879216	2.45439923687154	1.73889091210821	-2.4424777486937
CGCACGGGTCGA	DMSO	DMSO.1	1	1.85844405662457	-7.56263042896807	-3.2714583297986	2.75407602982976	2.98423929422927
CGCCTCGGGTAA	DMSO	DMSO.1	4	2.71740000198338	-3.76899166931086	-2.99175715299423	1.92955520349004	2.99482364862991
CGCTTTATACAT	DMSO	DMSO.1	1	-4.16268262687567	-1.75327893123299	1.37493863726868	1.45416047769048	-2.12545876294541
CGGGTCCCATTT	DMSO	DMSO.2	4	-9.21935718261373	-1.68786705101009	7.03759428256357	-10.0264622907116	-6.12880162984299
CGTCCTGCGCGG	DMSO	DMSO.1	1	-6.52570885481076	-0.472462972925875	0.0675132247909307	2.26083543496587	-3.71334008962083
CGTCGCGCGCCG	DMSO	DMSO.1	1	-1.49114764346938	-4.66402234459138	-2.83372268354624	2.09294107156255	1.37465645283294
CGTGCCTGTAAA	DMSO	DMSO.1	1	-0.0225816515192743	-4.53692856539608	-4.20575133795372	2.6232378740833	4.90685863703323
CGTTCGGCATAT	DMSO	DMSO.1	1	-1.22666098390783	-5.53777327468303	-2.22217966604749	1.67195036607244	2.61865575522018
CTAACGAACGCT	DMSO	DMSO.1	1	-1.41656810588657	-7.28196315680473	-2.06099319912739	2.12128761010625	2.54777736872268
CTAATAATATGC	DMSO	DMSO.1	1	-0.684647744307133	-5.51243719951604	0.928235817689693	1.33270635800817	2.66224415510726
CTAGATACATGT	DMSO	DMSO.1	1	0.18934439936175	-4.15774065760754	-0.237654064735234	2.60359409051397	4.90081806391311
CTATAGCACTCC	DMSO	DMSO.1	3	2.85636679794449	-4.85432029071793	-2.6595542485227	1.93728115754583	3.91725535601211
CTATGATCGTTT	DMSO	DMSO.1	1	2.23871076520264	-5.09441121542182	-1.69766934871626	2.5494332571552	2.65706188887191
CTATGTTTACCG	DMSO	DMSO.1	1	1.43162893894325	-4.02468185765725	-1.26167651457751	1.40081622796514	3.13148398607803
CTCGCCCGGTAA	DMSO	DMSO.1	1	-6.06033865318291	-4.53910342349561	0.997475692341587	1.29838469224431	-0.554750368894813
CTCGGAAGACGC	DMSO	DMSO.2	2	-8.85008630202447	-0.265944416371605	3.81434730864005	1.71158387856939	-2.21680002004075
CTCTGATCTCTA	DMSO	DMSO.1	3	10.8167595561281	-2.90056434845191	-4.84951342641202	1.62673022942998	4.14579625338149
CTGATCTCTGCG	DMSO	DMSO.2	2	-4.7478202387143	4.82638341032567	-4.13057980629752	3.98666455941655	-2.00555949002671
CTTAGGCCAAGC	DMSO	DMSO.2	2	10.7553393208842	4.75145565675178	-12.9707755499576	2.17547180848577	4.43615741938186
CTTGTACATCCA	DMSO	DMSO.1	1	-4.22664000660177	-1.43848577576013	3.62958093562934	1.61132385926702	-2.04850153714585
GAAGGTTCGAAG	DMSO	DMSO.2	2	4.46471924128837	6.13714722799595	-5.76164047727977	2.33272507386663	4.55967564791274
GACAGAAGAGTC	DMSO	DMSO.2	2	-5.67295847781391	3.19462291616137	-3.6507106797851	4.20588710504033	-4.07862643987107
GACATAGGAGCG	DMSO	DMSO.1	1	5.63823490427683	-1.64431218741165	-1.45140308164032	2.99846937852361	3.76653595179153
GACCGTTACCTT	DMSO	DMSO.1	1	-1.80873553432303	-2.6688330415766	2.67342512965603	1.25701239304998	-1.9470799425261
GACTACCTTGGA	DMSO	DMSO.2	2	-3.81567263883621	0.887802810095146	-3.87455296212858	2.20275953011968	-0.378408954443214
GACTCCCCTTAT	DMSO	DMSO.2	1	-3.89364169327219	-0.943416273812111	-1.03397213862154	2.2398379107044	-0.90518836766648
GAGCAAAATCAA	DMSO	DMSO.1	1	5.86058200769666	-8.21599848024558	-5.80465250234938	2.48155024247625	3.16331238955093
GAGCCATGATAT	DMSO	DMSO.1	1	9.43441968777793	-2.87918785484611	-3.68118872031879	2.3911776800678	4.72660346239639
GAGCGCGCTGTA	DMSO	DMSO.2	2	5.5562122433294	3.67060090432445	-9.24907831461677	2.56179955201604	4.33212514132095
GATAAACTAACC	DMSO	DMSO.2	2	3.66845969443656	1.74537657936028	-2.93731563896422	1.78160050111272	4.84666128367019
GATAACGATGAA	DMSO	DMSO.1	3	5.58067117732291	-6.94272798990891	-9.22531318602664	2.7237131853626	3.42813511103225
GATCACAAGGGC	DMSO	DMSO.2	2	-0.675069684909931	5.90585970363183	-7.42595318080089	5.75736406045415	-4.31847553044724
GATCGTACGACT	DMSO	DMSO.1	1	-1.98158121011708	-5.2315780078101	-2.27231778387249	2.02281406121709	2.14667268007827
GCAAAACCTCTC	DMSO	DMSO.2	2	-1.05168275904711	-0.546497733350972	-0.99134088562325	1.52050640778997	-0.174527333082435
GCACCCCATCAC	DMSO	DMSO.2	4	-8.21494629463219	-2.50177184610022	8.20864418274785	-10.1625296811535	-6.29276160985398
GCATAACCTTCG	DMSO	DMSO.1	1	7.96463966854774	-6.33869414075664	-6.26075396636435	3.0228059549854	3.77940626352859
GCATCGATTAGA	DMSO	DMSO.1	1	3.32023819088458	-7.10286011103666	-3.12557460049473	2.11442568498113	3.02921171396804
GCATGCTTGCCT	DMSO	DMSO.1	1	-1.04920363055605	-3.89573320948212	-2.13391638167607	1.44460251527288	3.0940475007875
GCCACGTCCCGA	DMSO	DMSO.1	1	-5.36543064498141	-3.46242943887531	-0.695902105454642	1.62263801293828	-0.255180642904517
GCCAGCATCAAG	DMSO	DMSO.1	1	3.81405657680377	-8.23677929466533	-3.36869913220697	2.1001198549793	3.03646846026016
GCCCAAAAGCAC	DMSO	DMSO.2	1	-2.84706831192977	-0.982407699787647	-0.401731096751177	2.02888944344976	-0.303513810934303
GCCCGATTAGAC	DMSO	DMSO.1	1	-6.97820760302564	-2.74873157259397	3.54235095476118	1.29805293279149	-1.2557797887938
GCCCGTGTAGGT	DMSO	DMSO.1	1	-1.35672183466336	-4.88692223568922	-2.78440955160869	2.14298227029302	2.179614259897
GCCCGTTTCAAG	DMSO	DMSO.1	1	5.22779482868286	-6.15796591303835	-4.37025963049864	1.8160302897022	4.47850723475051
GCCGCTTGTTAG	DMSO	DMSO.1	1	-6.11448060007156	-2.33089132643165	0.992584340938992	1.73097970681646	-2.1170394876616
GCCTATATCCGG	DMSO	DMSO.1	1	1.57867116315214	-2.42110382208747	-0.857037656372174	2.90604808526494	3.32970113962722
GCGCCAGTGCTT	DMSO	DMSO.1	1	3.61043995828921	-5.36403960636384	-2.89927352381558	1.98862221436956	4.3550338289125
GCGCCGATCGGG	DMSO	DMSO.2	1	2.11275214538158	0.996566148652658	-3.81458340873219	1.66203310685613	4.67307133883071
GCGGAGTTTAAG	DMSO	DMSO.1	1	4.52296265027136	-5.55743392766848	-3.70991881530553	2.43781545358159	3.73098154276443
GCGGTCGTCTGG	DMSO	DMSO.2	2	4.01433213381624	0.574389000967812	-6.86729722386253	2.0233695765064	5.29417629450393
GCGTTGGCCGAT	DMSO	DMSO.1	1	3.67707530904149	-4.23339286859628	-2.25000425133274	2.9635858793781	3.96629877298904
GCTACCAGCAAG	DMSO	DMSO.1	1	10.0703727983257	-6.10444167772031	-6.3827584060666	2.41426589684942	3.83443660944534
GCTCTAACTACC	DMSO	DMSO.1	3	-1.06995756983368	-0.869066595593409	-1.2758812801666	2.06743958192327	-0.312582538427589
GCTGGCCTTGCA	DMSO	DMSO.1	1	0.682798029869729	-6.49194182383535	-3.01909069754792	1.18866934972265	2.76830656736923
GCTTCTTCCGGA	DMSO	DMSO.1	1	-1.1295846089765	-2.81086678017146	-3.24944609173655	3.11127236085393	3.12654156893325
GGAATATTCCAT	DMSO	DMSO.1	3	4.19580285120583	-5.37891616639864	-4.19949548984059	1.83559491830327	4.85497994631362
GGACGTAGGCAT	DMSO	DMSO.1	2	-6.77962142059361	-0.212275522469709	-2.50904159034767	2.85119393067815	-4.09598140508103
GGAGAGTTACAA	DMSO	DMSO.2	2	8.61160120302732	1.94351308591559	-8.71019927701662	2.26122763352849	4.45957942217422
GGAGTTCATCTT	DMSO	DMSO.1	1	-3.07981744608075	-4.29055969156668	-3.25231588505201	2.24440052705266	2.23517496794296
GGATCGCCGCTG	DMSO	DMSO.1	1	-2.93339919000575	-4.47705552782965	-1.05783030032849	1.91127517419317	-0.0936047294752571
GGCATGGGGCAG	DMSO	DMSO.1	1	4.0371121980032	-6.44167744689679	-4.32406591862531	1.70797565179326	4.37792201250625
GGCCGGTATCTG	DMSO	DMSO.1	1	5.76458179306083	-8.68485436801683	-8.12169030589843	2.45708348947027	3.6320056459291
GGCCTAAATCGA	DMSO	DMSO.1	1	1.2470222956442	-5.25977112040777	-2.64530755547722	1.20874932008245	2.76693625658584
GGCGCAGAGAAG	DMSO	DMSO.1	1	-4.30971590251069	-3.11937966365216	1.40707086126096	1.24675800996282	-0.555445716680762
GGCTCAAAGTCA	DMSO	DMSO.1	1	-5.3057496948515	-4.29986459143058	0.354717470728522	1.72079637246587	-1.33046917706895
GGGGTCAACCGC	DMSO	DMSO.1	1	-2.5875733809265	-3.94250143418599	2.65011457225289	1.28398480611303	-0.478134558500526
GGGTGAGCGCAT	DMSO	DMSO.1	1	0.188635351668035	-5.94192696407166	-0.75650899799806	1.40179279046514	3.7324170610292
GGTACACCCTGG	DMSO	DMSO.1	1	7.87274446457428	-7.39723040622031	-4.9662773449029	2.15962674813726	4.0966736814363
GGTACTCCCATT	DMSO	DMSO.2	4	-6.66897288439588	-2.646603239259	7.04383622718546	-10.1088978986218	-6.4472282388823
GGTCGCGCGCGG	DMSO	DMSO.2	1	8.35582716701996	0.654169376022761	-3.47233000866838	2.27340223985174	4.83310718744827
GGTCTCCGTAAC	DMSO	DMSO.1	1	-2.07161663356893	-6.02278279672098	-1.8867241341343	2.14343908029058	1.97224111765456
GGTTTGCCCTGG	DMSO	DMSO.1	1	1.35180659639686	-5.16129186802758	-3.64541984400347	2.03132512765386	3.51858515947891
GTACGGTCACTT	DMSO	DMSO.2	1	-6.56188397875537	-4.27451949847469	1.17654297961662	1.1560246010349	-0.605722949804542
GTATAGACTTCT	DMSO	DMSO.1	1	-1.29314072298956	-4.38545595385823	-2.31117277707489	2.08571198182561	1.48519904821945
GTATGAGTGTGC	DMSO	DMSO.1	1	-5.9250544041321	-4.0970117686973	0.194963440326316	1.0560752411411	-0.353872464002845
GTCCGCCATTCC	DMSO	DMSO.1	1	2.19661189086379	-6.39423813097164	-3.82592875292844	2.71336605744817	2.50517363756728
GTCGCGGAAGTC	DMSO	DMSO.1	1	-5.29499827809411	-5.16326113512231	2.06501623661969	1.45687582688787	-1.52944974690842
GTCTCGGGTTAA	DMSO	DMSO.1	1	2.9262561879559	-6.34247268377105	-2.22084432856538	2.11809709268071	3.48977084368301
GTGACCTGCACT	DMSO	DMSO.1	1	-0.270536505686862	-3.77033086348265	-3.04371162058884	2.12836053567388	2.66745658129287
GTGCCCAGTATC	DMSO	DMSO.2	2	-5.91051349269177	0.634153569587916	0.620932584586347	2.79230859475591	-4.2379620531218
GTGCCTGATACC	DMSO	DMSO.1	1	-4.89318238381592	-1.67942294838385	2.11617254689534	1.13015237050512	-0.992559836210487
GTGCGTTGTGCT	DMSO	DMSO.1	1	8.44056436877563	-5.38034348411277	-4.71689857347824	2.96263244348028	3.97704620569778
GTGGAGAATATA	DMSO	DMSO.1	1	2.2416455934938	-3.61163670366973	-0.937392468355759	2.74699452119329	3.06145949572158
GTGGATGGTTAT	DMSO	DMSO.1	1	7.51439351993906	-3.32719241340115	-6.1632417175397	1.93604543405034	5.12527914255691
GTGTTTTTTTGT	DMSO	DMSO.1	1	0.540848746936889	-5.50454710507254	-3.59336050486569	2.22980931001165	3.33620019167495
GTTAGTAGATCC	DMSO	DMSO.1	1	-0.426259233471506	-5.11261524426585	-1.83769309585069	2.49991514878728	2.41878290384841
GTTGGGGCAAAT	DMSO	DMSO.1	1	4.91153249321874	-2.8506876965226	-5.85838139953578	2.99759724336126	3.25463409632278
TAAAATCATCGG	DMSO	DMSO.1	1	-6.17963995771158	-4.05941083792885	1.93217019897242	1.46778085427739	-1.83633928090501
TAAATGAGCGGA	DMSO	DMSO.1	1	-0.338071376555933	-6.5187544749994	-1.98604847241921	1.37666204171636	2.64844329565597
TAACAACCTTGA	DMSO	DMSO.1	1	5.62838840525714	-6.6546884266113	-5.74784055190872	2.33936455445745	3.26088137835098
TAAGAAAATCTC	DMSO	DMSO.1	1	3.63661852783398	-6.13050034596198	-3.33557851335037	2.65637662606695	3.28433485239578
TACAGGCAGTCA	DMSO	DMSO.2	2	3.03579677615884	-2.06703892442072	-5.95109212812528	2.98362305360296	3.01032276362014
TAGCGCTGGCTT	DMSO	DMSO.1	1	-0.925000397956205	-4.83752014338361	-2.16465162915686	1.26707532601812	2.7002052804811
TAGCTGGGACTT	DMSO	DMSO.2	1	-3.58684710270091	1.21367670825924	-1.52100603088438	4.0624902506397	-4.18906335622239
TAGGATCTGGCA	DMSO	DMSO.1	1	-0.131504145816877	-2.45431053379789	-0.577590433857104	2.58091309266546	4.9304949781282
TAGGCGCTACGC	DMSO	DMSO.1	1	-5.50671598210677	-3.7618737298319	-0.085478645190344	1.1998113651798	-0.608166382612464
TATACGCTCGAT	DMSO	DMSO.1	1	-2.73768915233548	-1.67611554018404	0.404947364089344	1.95227291779973	-0.987862394155738
TATAGAGGTCTC	DMSO	DMSO.1	3	8.9162296009881	-7.95747866484031	-6.0231138310151	2.22919013696172	3.8064326783998
TATAGGGGCCTT	DMSO	DMSO.2	2	4.86888152726136	1.92024787922673	-14.8848596157581	1.9290240068958	4.20779366701675
TATTGAAAGAGC	DMSO	DMSO.1	1	-4.12709268630166	-5.15451939850972	-0.185368109207601	1.7620740194843	0.0865446469171074
TCAACGGTCGGC	DMSO	DMSO.2	2	4.53396075955484	0.246597056451638	-6.72514676551334	4.47060706811406	-1.75030927449631
TCAAGGTAATGT	DMSO	DMSO.1	3	7.71762304082668	-6.83168905359644	-3.61149607632493	2.16462137895086	3.98232526987624
TCACTCTTCCGA	DMSO	DMSO.1	1	2.5917015767682	0.315496945510129	-4.88874446558846	1.858770873122	4.87702579706741
TCATCTCGACTA	DMSO	DMSO.1	1	-4.47903872870409	-4.40685924001258	-3.6433554478656	3.20440962510564	2.68158872335983
TCCCGGTTTTGA	DMSO	DMSO.1	3	4.76261985942191	-7.0463663151185	-4.92266225288327	1.79447558122136	3.49641771524978
TCCGACCGAACT	DMSO	DMSO.1	1	-5.01911495426928	-5.32860042834869	0.407705654830546	1.85046365457036	-0.135547445120094
TCCGACTTAGAC	DMSO	DMSO.1	1	-3.90194581045872	-2.54562028025358	2.70841104325231	1.38779452043035	-0.496963069738624
TCCTGCCAGTTT	DMSO	DMSO.1	1	-5.85302492103538	-2.23359208955526	3.22775741789733	1.42199328141668	-2.09246759206223
TCGAACACATTT	DMSO	DMSO.1	1	0.258835663792849	-2.4170710783711	0.0246787291135836	1.95266630845525	5.17237777918411
TCGCAGTATTAG	DMSO	DMSO.1	1	4.76782219115341	-6.72917858617938	-6.02661130716423	3.00041558938482	3.63938279360366
TCGGACAGGGAA	DMSO	DMSO.1	1	-4.03367642521785	-3.64478719227223	1.49914906659215	1.06920602517583	-0.683951065840003
TCGGACGGTTAT	DMSO	DMSO.1	1	5.08301782154763	-3.83307801004667	-4.93860216652067	2.35310747819402	3.90127558916641
TCTACAAACCGC	DMSO	DMSO.1	1	-3.10897103756879	-1.97845685135985	1.71677475286262	1.55687525468328	-0.178872511686561
TCTACCCACCTA	DMSO	DMSO.1	1	-0.00925671016424955	-6.67817219294795	-0.864771298670713	1.17182138162114	2.77446038931442
TGAAGACTGATC	DMSO	DMSO.1	1	-2.70348195171417	-5.10964080084694	-1.05269987178414	1.77863052087285	0.125796034036401
TGACATTATGTT	DMSO	DMSO.1	1	-0.0652401300020383	-5.05113322605166	-3.79411844462215	2.64109518723943	3.39872331827712
TGAGTAGTACAC	DMSO	DMSO.2	2	-4.57275922413327	5.90309740766956	-2.34047438798641	3.67489030557134	-3.8248351076262
TGAGTCGCTCAC	DMSO	DMSO.2	2	1.72150236512056	3.37209495810652	-5.1659837171286	2.60425450997808	4.3744065305574
TGATTAGCTGGA	DMSO	DMSO.1	1	-0.756793434605098	-6.6379452081745	-3.04295921036398	2.75866463380315	2.54974026888442
TGCCTCCCATCA	DMSO	DMSO.2	4	-7.98885749587141	-2.38981352523181	7.72132063777243	-10.1785580853894	-6.50574617177415
TGGAACGACTAT	DMSO	DMSO.2	2	5.04678585332281	1.43427853755296	-8.84251926878794	1.79019215302923	4.3268949529512
TGGTGACTCGGT	DMSO	DMSO.1	1	-5.21719754634343	-4.41936332974225	2.45133058101809	1.52093365388372	-1.26815442830491
TGTACCTGTTGT	DMSO	DMSO.1	1	0.847522783749914	-4.95890862786467	1.0841192545033	1.58827426629522	3.92781872957778
TGTCCGGATCTG	DMSO	DMSO.1	1	3.41321690122924	0.752085178403064	1.33576040444447	2.1908660193012	5.14608736246658
TGTGATCCCGAT	DMSO	DMSO.1	1	-2.73094278220477	-3.97157841243544	-0.419220127644254	1.87491634088018	-0.0943298199789497
TTAAGAGACAAC	DMSO	DMSO.1	1	1.00631376313981	-5.06170636175288	-2.62200383498355	1.58769014077642	4.04042954653335
TTACCGTCGAGA	DMSO	DMSO.1	1	0.316319919825888	-2.52585161013865	0.995308059245639	2.00883701043584	5.32087249964309
TTACTACTCTCC	DMSO	DMSO.1	1	4.17183344545203	-3.53854470519338	-3.94574509528583	2.31626584725835	4.56034226625991
TTATGCCTCGCA	DMSO	DMSO.1	1	0.385697602698484	-6.18230297287978	-0.94251968891648	1.80684902863958	2.94444580286575
TTCCTTAAAATG	DMSO	DMSO.2	3	12.2133239611726	0.335053644562465	-7.63667846417244	1.90871718125799	4.97314758509231
TTCGATGGCGCA	DMSO	DMSO.1	1	-5.93566792693389	-3.77947608274921	3.19285262315226	1.43078305917241	-1.35928230077195
TTGCGCCTTTCT	DMSO	DMSO.2	2	12.3012859951936	6.3737724708712	-12.6492865263453	5.77623346047857	-4.33687619954514
TTTAAGCGTCGG	DMSO	DMSO.2	2	0.599006713442263	4.36163512335909	-3.65485456696551	6.06854083734014	-3.75993804723191
TTTGCACGCTGG	DMSO	DMSO.1	1	4.56053875800474	-4.27423150753188	-2.1389583845243	2.4348936338947	4.91455764978957
TTTTTGACGCGA	DMSO	DMSO.1	1	2.21652216618744	-1.56023913355302	0.650353018625927	2.46638753610112	3.75569720476699
AAACGCCGCCGG	Guanine	Guanine.1	1	-8.72765392959888	-0.118254065641906	3.31053878187883	1.44918396668889	-3.32275323659348
AACATTTTTATC	Guanine	Guanine.2	2	-5.75715520410553	9.48589094640193	-6.76690084215126	6.16545417504766	-3.43364696294236
AACCTATCAGGC	Guanine	Guanine.1	1	-1.43808483868618	5.84273360227987	-3.41554463413867	4.90204265313604	-3.03255586415696
AACGAATTCCGC	Guanine	Guanine.1	1	-8.29497983550152	-0.489936962308922	6.40953120015831	1.13971367078283	-3.58163146764207
AACGATAATCTG	Guanine	Guanine.1	1	-6.50254586562679	2.57243862190167	1.03414653449291	-0.30155149502299	-3.04935793668198
AACGCTACAGTC	Guanine	Guanine.1	1	-7.64377816764993	-0.604184004624674	4.9407125009377	0.875885989241384	-3.56083898335862
AACTGTTGCAAA	Guanine	Guanine.2	2	-3.51969312387972	6.83958812981301	-2.88250101707983	5.03772905068853	-3.32561235219407
AAGACGACTTTC	Guanine	Guanine.2	2	-6.22233500966495	8.95446287057973	-3.98819244291095	4.63419368463018	-3.83410243779587
AAGTAAAACCCA	Guanine	Guanine.1	1	-6.74121663115282	-0.129227340539622	2.52418691539466	0.32348307567098	-3.65657357961106
AAGTGACTGCAC	Guanine	Guanine.2	2	-2.98000490688744	5.15045362701181	-4.65303385915095	5.71857335763433	-3.03957991391587
AATGAGGATTTA	Guanine	Guanine.2	2	-6.38634696610912	6.44567310889211	-6.65057248609029	6.02417113976934	-3.72671060353684
AATGCTCCAGAC	Guanine	Guanine.1	1	-7.68634786116834	-0.684476860401145	2.69952275721088	0.957465316824697	-2.6115885236876
ACAACCAAATTA	Guanine	Guanine.1	1	-9.22343830998993	-2.43297943561121	3.54834753137691	0.913367654852651	-0.916258023084876
ACAGTTATAATT	Guanine	Guanine.2	2	-5.17437065212081	7.46745864334405	-9.18603488697739	6.0142462511585	-3.73334531575608
ACATGCTTACAT	Guanine	Guanine.1	1	-4.33923559306433	6.75134292421695	7.36831012233884	-0.50757523281119	-2.73789148122239
ACATGTCGGAGC	Guanine	Guanine.2	2	-7.13979031985709	-0.0308537510470904	-1.81422744657283	2.29778650002935	-2.8899202802794
ACCAAAGCTAGC	Guanine	Guanine.2	2	-8.78675623859031	5.78089550732146	-4.9410471140153	4.01263454156377	-2.00062064916062
ACCAACACACCC	Guanine	Guanine.1	1	-8.83184149659535	0.520800973173798	3.8831948765955	0.603593494467519	-3.39896993428635
ACCAGACCAACC	Guanine	Guanine.2	2	-5.19597496592071	9.72783143648776	-5.85955513542254	6.1601465006397	-3.53185825139451
ACCTAAGTCAAT	Guanine	Guanine.2	2	-5.49493344325204	6.82358684124852	-3.90870691250725	5.10750510888555	-3.36547021657395
ACCTACTTTTGG	Guanine	Guanine.2	2	-9.04055074643218	3.94390416337153	-1.33471965952549	3.97772004800298	-4.63865594655442
ACGAAACAATCG	Guanine	Guanine.1	1	-8.8253648433462	-2.64212643063526	3.54134694549609	1.34733059602239	-2.10035209447312
ACGGACAGAGAG	Guanine	Guanine.1	1	-7.46934306434162	-0.374755147299913	2.58595640316696	1.60510852532842	-3.08187370091843
ACGGGATAAGTG	Guanine	Guanine.1	1	-5.43972487302679	0.0989241176564062	1.31879077695028	0.739251520209096	-0.665267513097999
ACGTAGCGGAGG	Guanine	Guanine.1	3	-7.15393870018588	1.4153506048535	-2.31666989564523	4.24740483956792	-2.30783180982041
ACTAACTCCCAA	Guanine	Guanine.1	1	-7.40246372039204	0.802114919291911	3.74539333731189	-0.0427015761806744	-3.9760745027678
ACTAAGGGGATC	Guanine	Guanine.1	1	-7.3600769659438	-1.63471985128307	1.80742685550416	0.762032057814382	-0.757388637365577
ACTCGTATCCGC	Guanine	Guanine.1	1	-8.31339849376069	-0.86427861128518	3.64357630840823	0.0826914568469745	-3.86680536061692
ACTGAAAGCCAG	Guanine	Guanine.2	2	-7.39231661792591	4.39795480795373	-3.3638739016574	4.42129304604986	-4.18601064473557
ACTGCCGACTTT	Guanine	Guanine.2	2	-6.85462447922564	5.75972671642488	-2.93116731056797	4.47001769738653	-4.06189946919846
ACTTTCCATGAT	Guanine	Guanine.2	2	-9.7355180879103	2.45845674528527	1.77582574318286	2.697149779372	-4.23875789433884
AGAAGCATAATC	Guanine	Guanine.1	1	-8.22987057491532	0.0396021866124655	1.65590657702312	0.786056663565419	-0.868663237394569
AGCAGGCAATTT	Guanine	Guanine.2	2	-8.15136297920946	5.12209876146202	-1.26130720713381	4.20401361184575	-5.15237836629319
AGCGAAGGGATA	Guanine	Guanine.1	1	-6.88041622677485	2.45578745784541	5.21372862215514	0.596158291868947	-3.07795481473374
AGCTAACCGGTT	Guanine	Guanine.1	1	-8.45191310622523	-0.487944339446926	2.17628557378281	1.7843616266773	-2.91303329259324
AGCTACCTTCGT	Guanine	Guanine.1	1	-6.14317485237635	-0.987084937996744	2.26573685074529	-0.00635263723871882	-3.42034988194871
AGGCGCCAGAGG	Guanine	Guanine.1	3	-8.79049197710851	0.447405302462462	4.79664035286376	0.531995203070424	-2.97556500226426
AGGGCGTTCCGC	Guanine	Guanine.1	1	-5.96888157092805	-1.14718982576653	2.96151472114999	0.343362297587178	-3.54451207906174
AGGTAACCTCAT	Guanine	Guanine.1	1	-7.20560012800239	-1.08418845012199	-1.25146883668066	2.11455514626958	-3.44758634358811
AGGTTCTATCCT	Guanine	Guanine.2	2	-6.98547579920295	8.19898016922074	-2.98835097015044	4.75103118615606	-4.02432136327195
AGTATCGTTAGC	Guanine	Guanine.2	2	-9.11230075128264	1.28011708347311	-1.07940197923316	3.46412875848272	-4.56079416066575
AGTGCGCGTCAC	Guanine	Guanine.2	2	-8.03272159269885	8.6219582776123	-6.26758876280346	4.65163305001714	-5.03025750905442
AGTTAGAGGAGG	Guanine	Guanine.2	2	-8.38518226745943	5.40409513775962	-3.86112152187025	4.34910752969243	-4.69197969228196
AGTTGAAGCAAG	Guanine	Guanine.2	2	1.44792538042895	13.161145359244	-9.197476641174	5.53498914437749	-3.09673886090684
AGTTTTGGTCCG	Guanine	Guanine.1	1	-8.45578152775366	-0.194477388466536	3.47342220326659	1.64815714555242	-3.24344234258103
ATACCGCCCGGA	Guanine	Guanine.2	1	-3.60556146334471	4.09004942195576	-4.31531903259998	4.8517477770374	-3.15145854741502
ATACTGCCTTGC	Guanine	Guanine.2	2	-9.35305229285856	2.19149084567187	-1.6558046105424	4.17578437524297	-5.11881856709885
ATCACATATCAG	Guanine	Guanine.1	3	-6.45884596893344	-0.226619093656954	0.625834463559547	1.86534931855657	-2.91795615941453
ATCACTGAGCGG	Guanine	Guanine.1	1	-4.38675316080317	1.91735050048662	0.729254854620421	3.77616670327642	-4.84353761464524
ATCCTAGTAGCA	Guanine	Guanine.1	1	-8.60489874544485	-0.738827320002803	0.415490876009632	1.94588902192571	-2.87250904828477
ATCGCATCAGTC	Guanine	Guanine.2	2	-5.4225850441364	4.92338453043816	-6.91840857568293	6.06039121346929	-3.83958892613816
ATCGGTCGAGGC	Guanine	Guanine.1	1	-9.83859647034634	-1.88901079984138	6.18047669612693	0.71888604360082	-1.05215840131211
ATCTACAAGATG	Guanine	Guanine.1	1	-9.3968832908106	-0.969790127251413	3.14848309863629	1.77624180512883	-2.77153520375657
ATCTAGAAGTGT	Guanine	Guanine.2	2	-7.40265011804407	6.93924976856794	0.838045708161655	3.78080156045415	-4.37516145497727
ATCTATCCCACT	Guanine	Guanine.2	2	-7.87623437375761	3.65396477894692	-0.778748762093454	3.95352866845586	-4.99187354833054
ATCTATGTCGAT	Guanine	Guanine.1	1	-5.93658756864426	-0.85092372839758	2.54381599178227	0.29318567710378	-3.59009485036301
ATCTCGAACTTA	Guanine	Guanine.1	1	-9.70279808622337	-0.0689350185716584	2.38951955879351	1.5906143446491	-2.9363971212523
ATGCACATCGCC	Guanine	Guanine.2	2	-3.06112400088581	11.0276632146105	-4.00729575521374	5.44158294396856	-3.18186025411057
ATGCCAAGTTTT	Guanine	Guanine.2	2	-8.42825938569424	4.21586933346525	-2.22249534157831	4.2232716341541	-5.17409209996628
ATGCGGCTGGGA	Guanine	Guanine.1	1	-10.05815072954	-1.27322732078908	4.54812916648205	1.53914239602544	-3.36457662373948
ATGGACTAGTAG	Guanine	Guanine.1	1	-4.41954772614688	-0.507715459812485	3.80059128006424	0.305027510695241	-3.28779439717698
ATGGCGTAACTG	Guanine	Guanine.2	2	-2.93020565425953	9.46061630659391	-8.01795858771319	6.16696050363042	-3.62648134023118
ATGTCCGTGTCA	Guanine	Guanine.2	2	-1.42456459687643	12.4817684457195	-11.6862070594989	5.74928357797124	-3.32183675557542
ATGTGCCGCTAT	Guanine	Guanine.1	3	-8.2344930536375	-0.383488194625242	3.60331488804823	1.6047733088062	-2.83297781735825
ATTAGCAAGTCC	Guanine	Guanine.1	1	-6.51016617749268	-1.19430044034703	0.836437420559626	1.18265559869268	-2.90472821980881
ATTCGTATCGAC	Guanine	Guanine.1	1	-6.99423692897854	-1.25577147133527	-1.00209913416714	1.72198131280401	-3.25244598180222
ATTCTCGCATGG	Guanine	Guanine.1	1	-5.19603427749398	-0.220631688114979	-2.65326627710213	4.27918126779058	-2.23369483739304
ATTGCACGCCAG	Guanine	Guanine.2	2	-6.21512993335607	9.01004262804779	-1.53844329672901	4.68067958550908	-4.0068476656096
ATTTAGATTGTG	Guanine	Guanine.2	2	-4.95057620423574	9.78909314687737	-7.7817057432637	5.78290918069341	-3.41741256505418
CAACATGTGTAT	Guanine	Guanine.2	2	-9.46427246476535	1.2644445490029	3.03071605816224	2.68371536927678	-4.20319680959153
CAACTATGACGA	Guanine	Guanine.2	2	-9.49243718399154	7.18970348279705	-4.43425067596068	4.35070302682378	-4.85234527379441
CAAGCTGATAAG	Guanine	Guanine.1	1	-7.00043204867089	1.12968969113059	2.31106975827656	0.645074989371083	-3.56183986455369
CACCATCCCGAT	Guanine	Guanine.1	1	-8.58753265580533	-0.729982411310918	2.91589448418144	1.44090345101812	-3.36659698277878
CACCGTAGGAAC	Guanine	Guanine.1	3	-1.62165843918018	2.11765901185132	2.38512349131382	-0.506361250109889	-2.54676823407578
CACGCAGAAAAC	Guanine	Guanine.1	1	-10.0520798101712	-1.67825737592315	3.71644981634625	1.57145049767949	-2.54232387334275
CACGCCCACAAA	Guanine	Guanine.1	2	-6.0937992178184	3.05003669775818	-0.706529988793174	0.580686714224599	-4.14265517980027
CAGCAGTCCGGG	Guanine	Guanine.2	2	-7.78760497858531	6.35930765840451	-5.12856029937365	4.55275895791509	-5.11964587956834
CAGCTATTCAAT	Guanine	Guanine.1	1	-5.26354857108021	2.20354156648582	-2.46099714697997	0.724167849592946	-4.39619235783982
CAGCTTCGGGAT	Guanine	Guanine.2	2	-7.9603246504712	5.53116435678329	-3.80354925679914	4.42472579675176	-5.20567540913987
CAGTACTGCTAC	Guanine	Guanine.1	1	-5.56479356630204	-0.420429339177103	0.919422048784825	0.730595733694814	-0.718856976331947
CAGTTCCCCGCG	Guanine	Guanine.1	1	-3.25948502573687	7.67236618453274	-3.68734963409986	5.05258109765508	-3.07589630872178
CATCGGTCGCGG	Guanine	Guanine.1	1	-9.85396732444024	-1.16528375572929	2.93553277217031	1.51801231103399	-2.78758029729295
CATTACCGAACT	Guanine	Guanine.1	1	-7.66989603947241	-0.966960717275749	2.82111039525687	0.400169994406484	-3.65756921559739
CCAATCCATTAG	Guanine	Guanine.2	2	-8.69753098038444	2.6420990426657	-3.19040096799635	4.15057447152593	-2.04719023496079
CCACTTCCAACT	Guanine	Guanine.1	1	-4.8129539434793	-1.10928735051284	0.494106997401096	0.783691432051442	-0.922021076978919
CCAGACGTTTAA	Guanine	Guanine.2	2	-4.38428818942418	7.55465583375472	-2.17827255907848	4.76126887994268	-3.55515174657273
CCATAAACCACA	Guanine	Guanine.2	2	-1.85556545493192	14.9881680934559	-8.26431433387858	5.54385974603155	-3.04664997846055
CCATAATCGACT	Guanine	Guanine.2	1	-8.1109440230641	3.09917597231199	1.82023908230189	3.34208586411931	-4.56798581868577
CCCATACGGTTC	Guanine	Guanine.1	1	-6.35518760473653	-2.18690460784045	1.25400399314418	0.765834953360341	-0.883917258085487
CCCATCGCTACC	Guanine	Guanine.1	4	-10.156774653726	-1.49284222731341	7.25227586218489	-9.98810646338008	-6.07874612599778
CCCATCGTGAAA	Guanine	Guanine.2	2	-1.7687895710365	10.1084801013423	-3.29815696066553	5.58230283456304	-2.80280642301011
CCGCCAGCAGTA	Guanine	Guanine.1	1	-8.85816897703463	-1.50351139548193	1.4145775967311	1.87147453027227	-3.14037494450974
CCTACGCCCTAA	Guanine	Guanine.1	1	-4.92712823709932	0.247322440378268	1.38483694795027	-0.0479142407848614	-3.97679643422532
CCTCAAGGTAAC	Guanine	Guanine.1	1	-5.610811027359	-1.15642391114633	-2.49375199886141	4.24507835107305	-2.28846602231431
CCTCGTATGTCA	Guanine	Guanine.1	1	-4.54420969274428	0.516133452322728	2.75440445602604	0.288605775408528	-3.30525426656174
CCTGACGACATC	Guanine	Guanine.1	1	-8.24837843578592	0.985664877633927	2.54554293521237	0.113807286791585	-3.522365377249
CCTGGCAGTCGA	Guanine	Guanine.1	1	-5.26739372771033	1.29257490818178	-0.541980290963725	0.75015976624944	-4.37904863149094
CCTTGTTCGTAG	Guanine	Guanine.1	1	-4.4758819014228	3.27259284258944	0.412025408871527	-0.0605188350155133	-4.03275041371751
CGAGAGAATTCC	Guanine	Guanine.2	2	-7.71784287709574	2.68717588808928	-4.22680154055798	4.1080601473377	-2.03885607510972
CGAGGCTGGAAC	Guanine	Guanine.2	2	-9.17310011352775	3.94811373023625	-0.553777055269959	3.60372665124395	-4.84707050115037
CGATGGCGGCGA	Guanine	Guanine.1	1	-9.43563211088019	1.66952853642311	5.56869829303253	0.572533275656484	-3.03772859364915
CGCCTCTTCTGC	Guanine	Guanine.2	2	-5.61297005312363	6.96399952988629	-2.02630949300852	4.75386312203863	-3.4145887354033
CGCTAAATCCTA	Guanine	Guanine.1	1	-9.95433302090813	-1.16679960607285	3.91766919884031	1.70243313508489	-2.92902068883347
CGCTCAAGACAC	Guanine	Guanine.2	2	-6.64539597726845	4.9238228173516	0.257045589583177	3.5590870638416	-4.57034806996751
CGCTTCACGCGA	Guanine	Guanine.2	2	-5.80677255893564	2.71798019829259	-3.25923339652334	4.4444630404041	-4.12007074147629
CGGCCACTGCCG	Guanine	Guanine.1	2	-6.35500434187141	4.63579208084071	-2.46268557425661	4.22091796594121	-4.75706128865647
CGGCTGCGGGGC	Guanine	Guanine.1	1	-6.92904793164013	-0.130193881898451	3.24008739031281	0.757187511496328	-3.78559951573777
CGGCTTCATCTT	Guanine	Guanine.2	2	-9.59817063339319	3.50445344854629	-1.08961750470795	3.56512429910161	-4.82240562230515
CGGTCGTGACGT	Guanine	Guanine.2	2	-6.36120167656468	10.1722368413762	-9.23606969967545	5.43684604363897	-3.39930562764573
CGGTTCGCCGAT	Guanine	Guanine.2	2	-3.48075756282085	12.0209471767322	-8.11573624362658	6.04300048547246	-3.35235099584031
CGTACGACAGTG	Guanine	Guanine.1	1	-5.45925650980171	0.18930316094949	1.87861281230108	-0.0302204231693524	-3.99706201344895
CGTATGCTTCCT	Guanine	Guanine.2	2	-6.70214383512016	3.90510573431566	-3.83079154233082	4.27950837808111	-2.17317561894822
CGTCCTGCCGTG	Guanine	Guanine.1	1	-8.01317579961314	-1.70799162027782	0.761087924925973	1.89482190804937	-3.2733271577971
CGTGCTCAAAAT	Guanine	Guanine.1	1	-6.43934066179631	3.94156241690614	-1.01959474524955	3.52044465737798	-3.46773938924241
CGTTGGATTCCA	Guanine	Guanine.1	1	-7.97362722326312	-2.82944609566165	3.59046934353152	1.07616772847631	-2.67735724240708
CGTTTTGGAAAT	Guanine	Guanine.2	2	-5.10096578563461	6.9965635885086	-9.17147071695248	5.43655564980962	-3.40356855184006
CTAACCTATGGT	Guanine	Guanine.2	2	-2.54379653160122	6.76524882357342	-2.43107490908062	5.66768577294805	-2.95147495061326
CTACATTTAACG	Guanine	Guanine.1	1	-6.01375920853561	3.43365818007999	1.94521943157093	-0.307957712836482	-2.92456917554307
CTAGCCGCACGG	Guanine	Guanine.1	1	-8.48793156412386	-1.59746312208644	-1.09470091599439	1.9972522516773	-3.37747268468308
CTATAGATGGAT	Guanine	Guanine.2	2	-5.77680688962711	7.09128130972952	-6.12910376549903	4.8658201952503	-4.37087564259934
CTCAGATCGGCC	Guanine	Guanine.2	2	-6.69529734157336	3.14731403636077	-2.63032929365861	3.73606946664312	-4.18808297902512
CTCAGCCTTTGA	Guanine	Guanine.2	2	-5.1613272492215	7.57347741966544	-6.29059952766977	5.18510654168584	-3.34398202687669
CTCTACCTCCGA	Guanine	Guanine.1	1	-8.06435300958586	-1.09222866849078	2.7454892658553	0.769579317145131	-3.23775081426072
CTCTCCAGAGGA	Guanine	Guanine.1	1	-7.73204541703311	-0.321082972525447	3.84387155882606	1.51372244554021	-2.31690196782517
CTGGAGGCAACA	Guanine	Guanine.2	2	-9.69327876514633	2.64229576605211	1.12245462410728	3.16931369500615	-4.54180030614304
CTTCTATGTGGG	Guanine	Guanine.1	3	-4.3899942792261	0.784782765732107	2.07898261027579	1.14083006577947	-3.46825818807053
CTTTTGCTACAA	Guanine	Guanine.2	2	-5.92397691860039	5.63020121513155	1.60429796514552	4.0855353136585	-4.84766893178391
GAAATCCATACG	Guanine	Guanine.2	2	-6.08550482859526	9.74647644285678	-4.85860630772117	5.2770898600147	-3.69809083730149
GAATGATCTCGG	Guanine	Guanine.1	1	-6.99622678230957	-0.512349109771136	2.8149415193498	0.421076204352163	-3.58479242116379
GACAAATCGACA	Guanine	Guanine.2	2	-7.55259902062594	6.4795708341916	-3.66096848920519	3.89966037469365	-4.63903026372361
GACAATTTCACG	Guanine	Guanine.2	2	-3.9319338735781	6.41109361458873	-4.75123241464864	5.05256440835454	-3.22349338323045
GACACGTTACGA	Guanine	Guanine.2	2	-5.41590511977005	3.20306421762132	-2.44873972628511	4.57911470132329	-4.08477239400315
GACCAACATGTC	Guanine	Guanine.2	2	-7.42405986366633	5.10355286876315	-5.16285941488559	6.0149615068958	-3.92819528371262
GACCAAGGCCGT	Guanine	Guanine.1	1	-7.28011291624284	-2.80142867917659	0.385444257988199	2.02690437036016	-3.25233583241868
GACCGAGTCCAC	Guanine	Guanine.1	1	-6.31900434418801	-1.73191275920441	1.82928824720075	0.471747424177907	-3.68844775945115
GACGAGATGTCT	Guanine	Guanine.1	1	-1.67776441406367	1.6937789993186	-1.31101829865711	3.51973989205816	-3.43488483220505
GACGCCCCTAGT	Guanine	Guanine.1	1	-6.00302434453108	-0.640362964773879	3.70064545761544	0.777924444250844	-3.74335078984666
GAGACTAAAAAT	Guanine	Guanine.2	2	-5.51283207134729	7.0349616852988	-5.38721505313275	5.17266872125127	-3.7856505373137
GAGGAGTAGTGG	Guanine	Guanine.1	1	-7.69828785201345	0.0380423646122558	1.6775463144924	1.55373623567083	-2.85275416165757
GATACGGCAACG	Guanine	Guanine.1	2	-7.93119030487167	2.3379669609074	0.782364873226225	0.822325136236928	-1.09186987668442
GATATGTAAAAC	Guanine	Guanine.1	1	-6.72929312610332	-0.321528876888835	2.20659475989129	0.541396166853688	-3.54582862645554
GATTATCGCCTC	Guanine	Guanine.1	1	-6.21565834607133	-1.08775570796519	0.205074477993449	1.8250942488239	-2.8374026277678
GATTATTCTCAC	Guanine	Guanine.2	2	-8.63228599679766	4.1922643091699	-0.412868925190708	4.10855653481939	-4.88934831410813
GATTGATCTATC	Guanine	Guanine.2	2	-9.68825897174497	4.59924937297013	-0.0237584169703145	3.80553605752446	-4.77944354802537
GATTGCAGCATC	Guanine	Guanine.2	2	-6.07551048407096	6.22600828543864	-7.11076913603698	5.10857036309697	-3.8561637857573
GATTGGTCCAAG	Guanine	Guanine.2	2	-4.98121207342122	3.31597272238769	-1.99532775130827	4.69181611733892	-3.55753927022385
GATTTAAGGATG	Guanine	Guanine.1	1	-5.6005935720447	-0.143807915466152	2.12878895666635	0.30158331590154	-3.55121879369187
GATTTTGACGAA	Guanine	Guanine.1	1	-8.83432338912089	0.644584825455526	3.55138998136172	0.388017561011098	-3.54941015035081
GCAAACGCCCTG	Guanine	Guanine.2	2	-4.62427439627926	11.5852681174957	-6.91433187852977	5.98712566094854	-3.76555375844407
GCAACTGAAGGC	Guanine	Guanine.2	2	-5.95146177411075	9.37645071113317	-8.05101251449082	5.30397584634282	-3.79313688069749
GCAGAGGGCGAA	Guanine	Guanine.2	2	-8.03176578420007	4.16944145127579	-1.16158162656622	3.68843677239873	-4.45102529317307
GCAGGCGTTAAA	Guanine	Guanine.1	1	-8.96810104812318	-1.19309539283021	3.04807845036785	1.62016608911016	-2.64338831693101
GCATGATTTTTA	Guanine	Guanine.2	2	-8.13526838845854	3.04240570536488	1.39608901237812	3.29530432420232	-3.63664321690964
GCATTAGCCTTG	Guanine	Guanine.2	2	-8.16311969348365	4.82553738311279	-3.93739620318669	4.37005689340093	-4.09773616582322
GCCAGCCCGAGG	Guanine	Guanine.2	2	-6.31753068650496	9.06283595462289	-6.34684912954382	5.08889796929815	-3.26178722173142
GCCCCTGCGGCA	Guanine	Guanine.2	2	-6.71062426491068	9.39167392074776	-4.82084242250411	5.16339709954717	-3.38537578374314
GCCCGAACTATA	Guanine	Guanine.2	2	-3.22625685464069	13.5488897875347	-3.4469006438938	5.59492423730352	-2.89645294934678
GCCGCCGCGATC	Guanine	Guanine.1	1	-4.74168901959962	2.09460890087708	2.12781141806853	-0.28693214458964	-2.86542539388108
GCCGGGGGAAGG	Guanine	Guanine.2	2	-2.41584112684965	6.58269354954968	-2.63582753442098	6.11383798318364	-3.34125165730881
GCCGTGGTGCCA	Guanine	Guanine.1	1	-5.04373286738381	1.81440702212351	0.991395379031345	0.00307526784398382	-4.03239707738328
GCGCGGCCGCAG	Guanine	Guanine.1	3	-7.10846123634146	0.111385293345426	4.7602050563674	1.69373371797063	-3.53281287938523
GCGGAATTCCCG	Guanine	Guanine.1	1	-9.11775479394767	-0.0985932071700873	1.93684472399949	1.25512769418218	-2.75151161939072
GCGGCGGTGACC	Guanine	Guanine.1	1	-6.06466456445945	0.294091418791107	2.08211089546115	0.750849034361623	-3.73447875768113
GCGGTTCTCGTT	Guanine	Guanine.2	2	-5.1557108621325	9.03136892164187	-4.31019581513413	5.11689307885625	-3.29588298589158
GCGTTCCTAACC	Guanine	Guanine.1	1	-8.55109193752417	-0.423138127457393	3.11659408380755	1.63439681725957	-3.18469791203904
GCTGGCAGGCTA	Guanine	Guanine.1	3	-3.28893015108482	3.73303083446758	5.45383961732999	-0.552789610154845	-2.67559914380479
GCTGTACCAGAG	Guanine	Guanine.1	2	-7.81910350563467	1.87033983220203	2.66916092728053	1.43342020707586	-2.27546076566148
GGACCCTCCTCC	Guanine	Guanine.2	2	-6.90179188035628	9.91341977267004	-5.60731801127029	5.12483384805181	-3.3552716234343
GGAGTTGGGCGA	Guanine	Guanine.1	1	-9.19638666301493	1.00821617519442	4.25813906910369	0.821019913725637	-3.34280042439866
GGATGAACGCAA	Guanine	Guanine.1	1	-7.652726089428	1.18368575145672	1.90547905235153	0.645409490637563	-3.0680368402617
GGCAAATGGCCC	Guanine	Guanine.2	2	-3.25262612553874	9.25328236900293	-9.96997810600992	6.17912271218755	-3.53378515035081
GGCAATTTGAAC	Guanine	Guanine.2	2	-6.3956550896557	9.21047545662844	-6.48576017025482	4.7621448298023	-3.87646560460496
GGCCAGTGTAGC	Guanine	Guanine.2	2	-5.01672283066507	5.71287368359859	-5.18390810456817	6.03342321114995	-3.88167028218674
GGCCCGAAGATA	Guanine	Guanine.1	1	-4.08624057710583	1.83664248831899	-2.47714866017131	4.03062322335698	-2.5331509569304
GGCGTTGGCATT	Guanine	Guanine.1	1	-6.94350652956216	2.06093229925385	-2.62434579871738	3.59459331231572	-4.10035924703049
GGGCGATGGAAT	Guanine	Guanine.2	2	4.04831706823221	14.5374930504512	-12.5547399367929	5.70623805718877	-3.28390912801194
GGGGTGAACTCG	Guanine	Guanine.1	1	-6.62446750628321	2.62493145605034	1.88465578861858	-0.212540034480311	-2.94763164311814
GGGTAGACAGCA	Guanine	Guanine.1	1	-6.94472780531118	0.697911553216997	2.90697861323492	0.614707138113759	-3.20188121587205
GGTGTTGGTTCG	Guanine	Guanine.1	1	-7.65509045526802	-1.14147404924422	3.05817382907941	1.07053675847509	-2.6889696577208
GGTTAAGAAAGC	Guanine	Guanine.1	1	-8.87817136486547	-1.94722230969921	2.69731252456766	1.4504444857166	-2.45456795483994
GTAAGCCTGGGT	Guanine	Guanine.2	2	-8.326033876471	2.638533355794	-4.4179051016022	3.51933696465947	-4.53919725209641
GTACCGTCTCGG	Guanine	Guanine.2	2	-7.88176660360047	2.5725660921245	-2.12023761998633	4.07326820092656	-4.34385280400681
GTACTGGCCCCT	Guanine	Guanine.2	2	-9.28956200911362	6.05360634679125	-1.86755131324315	3.81213691430547	-4.56147508412766
GTAGCGTGGTCG	Guanine	Guanine.2	2	-5.08896183735275	6.83846969888883	-8.05676310681462	5.98998668389776	-3.77024488240647
GTAGTTCAGAAA	Guanine	Guanine.2	2	-10.0665196608604	4.26613333844957	-3.69553451830417	4.05573013024785	-2.01812057286668
GTATATGCCCGT	Guanine	Guanine.2	2	-6.4414321913451	5.01523839868732	-6.84320899408695	5.97435214715459	-3.86969499379563
GTATGGGGCTCT	Guanine	Guanine.2	2	-8.63638829769633	1.06376811511686	-0.280937797171956	3.30855872827031	-4.18097190648484
GTATGTGAATGA	Guanine	Guanine.2	2	-5.822253231499	10.7372278762878	-7.99550822703617	5.943567540221	-3.74926452428269
GTATGTTTGCTA	Guanine	Guanine.1	2	-7.8763859836	2.67878434941402	4.12478620595073	0.651167418532155	-3.06964688092637
GTCAATTCCCGG	Guanine	Guanine.1	1	-6.85317812889663	0.844599003099798	2.27998351941965	0.231817807726644	-3.62649612218308
GTCCATAACGGG	Guanine	Guanine.1	1	-6.81716149197994	0.0480961883099247	3.55065283494977	1.22778549390294	-2.87683300763535
GTCCGCTCCTCC	Guanine	Guanine.1	1	-4.71554970850046	3.50610798556667	-1.63073840209644	0.786243226103566	-4.42596606999802
GTCGTCAATCAG	Guanine	Guanine.2	2	-5.73010648545136	8.31535217372722	-4.8356729866888	4.86324813561895	-3.90582780629563
GTCTACTAAGGT	Guanine	Guanine.1	2	-10.3258292671545	0.950622120703225	4.53763667289313	2.43138315873601	-3.98539333135056
GTCTTAACGGTA	Guanine	Guanine.1	1	-8.26040527712411	0.987963167014761	-0.80701493336197	3.36585595803716	-3.96893911153245
GTGCTCATTGAC	Guanine	Guanine.2	2	-6.47289944446417	8.45450754129745	-7.46558178044742	5.38989188867071	-4.0740445116179
GTGGAAACCTGC	Guanine	Guanine.2	2	-4.94739775967211	6.31788816480067	-5.69908019743376	6.13159158425786	-3.34571294576096
GTGGAACTTTTG	Guanine	Guanine.1	1	-7.78362358371759	-2.33505725178654	0.991963107220956	2.04135849671819	-3.20028762608933
GTGGCAGAATGT	Guanine	Guanine.2	2	-7.0205846518588	5.31990281755319	-0.600213300969573	3.90883805947759	-4.57005767613816
GTGTAGCCCTAG	Guanine	Guanine.2	2	-7.05675725624972	9.57143118697002	-1.32078185067038	5.53917863564947	-3.60489730626511
GTGTAGTCCCGC	Guanine	Guanine.2	2	-7.64480403363866	3.11177616009264	-2.70421403784812	3.49271371560552	-4.53843860417771
GTTAGCCGACAT	Guanine	Guanine.1	1	-3.79972534319601	2.07094752757288	-1.98590609699102	4.27460887628057	-2.2461362341063
GTTAGTCAGTAT	Guanine	Guanine.1	1	-8.1198150886037	-1.03313455404851	3.36249010812039	1.26342704492071	-2.5284483888762
GTTGTAGCGGTC	Guanine	Guanine.1	1	-7.99272782953593	-0.661004439230742	4.19582428845873	0.615390564970754	-3.75882463246751
GTTTCCAGTGGT	Guanine	Guanine.2	2	-7.41749174450777	6.11235452341067	-2.57941720690529	4.45968177514531	-4.17526035100388
TACGCCACCCTA	Guanine	Guanine.2	2	-8.29236838653083	3.26028136941646	-0.47267123743322	3.62778880792119	-4.61411266118455
TACTCACACTGA	Guanine	Guanine.1	1	-7.28112674572277	-1.19974679854079	1.48103299871778	1.79806854920842	-2.69607834607529
TACTGCCAGATG	Guanine	Guanine.1	1	-5.91391356124487	-0.5072015440736	2.83906717063027	0.63424625592687	-4.09439401418137
TAGGCTGGAAGA	Guanine	Guanine.2	2	-6.61623616672104	9.96708831464482	-4.63171717619373	5.47341468530156	-3.84461097508836
TAGGTCAGTGTA	Guanine	Guanine.1	1	-7.24003528350133	-0.127379184153748	1.9671929478499	1.54280522065618	-3.01442246228623
TAGTCATTCATG	Guanine	Guanine.2	2	-4.41358827039149	9.49550686805617	-7.62986448978999	5.9603903551624	-3.68753747731614
TAGTTTCCCAAA	Guanine	Guanine.2	2	-3.56956377804167	6.71206889795677	-6.98020866445547	6.08818509774663	-3.40266542226243
TCACAAGCTAGG	Guanine	Guanine.2	2	-7.26469395843182	1.64629398836756	-3.67831209593595	3.53295448022344	-4.53682260304856
TCACGCTGCCCC	Guanine	Guanine.2	2	-1.98460453434356	10.1037975804925	-7.20702927334886	5.25032069879033	-3.23369293004441
TCACGGGGGTCT	Guanine	Guanine.1	1	-4.68648052791278	-0.561832183927208	-0.830788785436985	1.89016750054815	-3.6412504175322
TCACGGTAGTAT	Guanine	Guanine.1	1	-6.74236050959308	1.12985633081882	1.56912638209267	-0.0166830758526104	-3.97647218495774
TCAGCGCGGCAG	Guanine	Guanine.2	2	-7.38307613858966	7.30548764427462	-3.55214969370755	4.33821418481328	-4.08927325993943
TCAGTTAGATCT	Guanine	Guanine.2	2	-4.62180907631382	8.7404276068497	-7.47066856551704	5.57233646111944	-3.45014600545335
TCCACCTGGATA	Guanine	Guanine.2	2	-8.13617686171606	4.86222350103377	-1.82481372721413	4.23435619073369	-5.1598427751677
TCCGGATTTAAA	Guanine	Guanine.1	1	-7.07255766216852	0.951205449853634	0.927245468611399	1.25159385400274	-2.69213466435837
TCCGGGCCACTG	Guanine	Guanine.1	1	-3.10579385236629	0.192392340982085	-0.77201992909314	0.70914151864507	-4.34593848973679
TCCTAGCGTATA	Guanine	Guanine.1	1	-7.45684227353518	-0.896431824071651	-0.684761251426024	2.08526566224553	-2.86488609105515
TCGAAAGGACCT	Guanine	Guanine.2	2	-5.18477885025946	7.64813744141725	-7.18574334119841	5.18291642861822	-3.3299997308867
TCGTGAATTCCG	Guanine	Guanine.1	1	-7.78807714499142	-0.0647138098507755	2.62666145157359	0.195733990244649	-3.40877990514207
TCTAATGGTTCA	Guanine	Guanine.1	1	-1.53904080754355	5.81188804211166	2.13757187820165	-0.529736656971194	-2.70572833806443
TCTATACAGCCG	Guanine	Guanine.1	1	-7.53613049590036	1.54605786916848	1.36389016509139	1.27380218701818	-2.96036581784653
TCTTCACGCCTC	Guanine	Guanine.1	1	-5.04819298471984	2.26756391105681	4.55930186632726	-0.145647976823069	-3.28608112126755
TCTTGGAGACTT	Guanine	Guanine.2	2	-9.14745672997943	2.79240928139014	0.237100146506381	2.98919513421514	-4.23257856160569
TGAAGCCCTAGT	Guanine	Guanine.2	2	-9.05003639656395	5.6371530199112	-2.16029171722418	3.84366395669439	-4.83265142232346
TGACTCCCTAGC	Guanine	Guanine.2	2	-4.23919015078638	12.1972704932664	-7.30179519438722	5.92368247704961	-3.56938152104783
TGAGAGTGGGGG	Guanine	Guanine.1	1	-7.57988825078259	1.86404857869174	1.52728150440629	1.41000297265508	-2.93603305608201
TGATCTGACAAT	Guanine	Guanine.2	2	0.769856369497478	13.692645148855	-4.48390163928379	5.60248353677251	-2.84481649190354
TGCAATTCGCGG	Guanine	Guanine.1	1	-8.81229497184295	-0.888371202983909	2.42160030671736	1.73300411897161	-2.93741373807358
TGCATCCCTGGT	Guanine	Guanine.1	1	-7.14837875616878	-0.262063032391994	3.33009721794301	0.314275469355367	-3.73115424901414
TGCCGAGGGATG	Guanine	Guanine.1	2	-6.57988610260314	2.67054337177317	0.889220809024896	1.18094089227178	-2.98530654698777
TGCGCGGCGGTA	Guanine	Guanine.2	2	-7.89845490067597	8.87572976476467	-1.91916783901391	4.77451398568609	-4.13227777272629
TGCGCGTTGAAC	Guanine	Guanine.2	2	-1.28192705619364	8.73858082194703	0.906633763701141	5.61676433282354	-2.94500641614365
TGCGTTACGATG	Guanine	Guanine.2	2	-7.40353609544041	2.08926708208346	-3.12927966624779	4.0695908327625	-2.01464824468064
TGCTCTCCCTAG	Guanine	Guanine.2	2	-7.03216244629164	11.0713184727267	-7.8145080038198	5.2879278917835	-4.11969499379563
TGGACGACAGTT	Guanine	Guanine.2	2	-8.28724683652706	6.87471263557312	-1.67648439084152	4.15618493752935	-4.92164878636765
TGGCCCGTTGAT	Guanine	Guanine.1	1	-7.44910644575972	0.431522307017885	0.394353127378616	1.88515784936406	-3.52978305608201
TGGCGAAGCTTA	Guanine	Guanine.2	2	-4.64929571437935	6.18557221621746	-4.46444122774018	5.08000495629766	-4.05141906529832
TGGGCGTAACAA	Guanine	Guanine.2	2	-9.96156760674625	3.04082055971896	-1.30744662352155	3.47277476983526	-4.67364005834031
TGGGTACCGACG	Guanine	Guanine.2	2	-4.57534019417266	9.08255401432369	-2.76361138989532	5.74581792550542	-3.63141660481858
TGTACACATTGA	Guanine	Guanine.2	2	-7.45578216982087	8.10368722959361	-6.13809722651749	5.39455249505498	-3.77150802403855
TGTCACTAAATG	Guanine	Guanine.1	1	-7.90703385926412	-0.659410438817418	3.72420566538723	0.352135922484182	-3.5395248392241
TGTGAAGAGAGC	Guanine	Guanine.1	1	-9.86220434081544	0.499080486218522	2.38245806985172	1.59482553201177	-2.81791095525193
TTAATCTAAACC	Guanine	Guanine.1	1	-8.15911991174712	-1.28848929936196	-0.614284543073362	1.91011812882879	-3.48757724553513
TTACAGCCCCCG	Guanine	Guanine.1	1	-9.11664877214085	0.397141309998509	1.91464569625594	1.60895517068364	-3.00733094006943
TTAGCATTGTAC	Guanine	Guanine.1	1	-8.4261854922512	0.304935597772964	3.4084277989079	1.22551443772771	-3.01057414800095
TTCCTGTCAATA	Guanine	Guanine.1	1	-2.6258101015857	0.354698216527749	0.0304896600672601	0.606936003737233	-4.17565135747361
TTCTTATGCACT	Guanine	Guanine.2	2	-4.23639170036233	6.23506352078605	-2.89825632668553	5.13832738595464	-3.30631141454148
TTGTCGCGTCTG	Guanine	Guanine.2	2	-5.02749938308997	8.07062498792904	-6.60019784810887	4.9953949709461	-3.90444974690842
TTTCCAAACGAC	Guanine	Guanine.2	2	-2.19017740378177	12.8927062604201	-7.2452522062502	5.9147703905628	-3.71706704884934
TTTGATAAGACT	Guanine	Guanine.2	2	-8.10072634319607	4.71403822465212	-5.71887517411426	4.14459254937627	-2.05323939114976
TTTGGTTCTCCT	Guanine	Guanine.1	1	-5.98824757760717	-1.3755680131624	1.19556004953301	0.715153004698537	-0.661269710363624
TTTGTCGACTCT	Guanine	Guanine.1	1	-7.3113144944431	-1.54663206490465	0.600764498106296	1.98408272462346	-3.29992036611008
TTTTCACGTACT	Guanine	Guanine.1	1	-3.84614284976415	2.60094724140158	1.01900146385324	-0.368784074015834	-2.89599971562791
AACTACGCTTGT	MPA	MPA.1	4	9.16394942788048	-3.10740764755075	-5.3186768442768	-7.39097950262568	6.83119220942092
ACACTCATACCT	MPA	MPA.1	3	-0.754398351665703	-6.1646871517869	1.71352202007831	-6.04835579199336	6.10818214624954
ACCCCAGCGTGA	MPA	MPA.1	3	-0.599712812250172	-6.86894215438085	-0.0579690532133595	-6.17634937567256	6.04492445200515
ACCCGTTCGCAA	MPA	MPA.1	3	0.829288738187829	-9.74256222937017	-1.79313088249387	-5.94549724859736	7.50836105555129
ACCGAGGCTAAG	MPA	MPA.1	3	3.86717656645572	-13.7597298802482	-3.70749947817915	-6.42590544027827	6.42567510813308
ACGAGTAGACCA	MPA	MPA.1	3	-6.23779102778455	-4.28604025380171	1.61689986983924	0.823085691504262	-0.315063045324561
ACGGATGGATGG	MPA	MPA.1	3	0.788503519134996	-6.02353391397658	-2.91558014869271	-6.48422548574946	6.43680162638259
ACTGCATTCAAT	MPA	MPA.1	3	-3.56151003454579	-4.14465620331693	-0.736596829194685	-5.72601148886225	6.59547825068069
AGCGTCGAGGGG	MPA	MPA.1	2	-0.56726235942025	0.39945208942971	-3.30991183811254	1.28118171887853	4.06174082964492
AGTCCAATCCTC	MPA	MPA.1	3	-1.65942334391126	-5.75632136315673	2.32914375100108	-5.45658085150263	6.2761547109468
ATCCCCTTTCTT	MPA	MPA.1	3	-0.654912440057421	-7.71168287628033	1.05274509836155	-5.96311971945307	7.28376455515456
ATCCTACACCAA	MPA	MPA.1	3	7.21147670613977	-12.0465211055683	-7.12863241291578	-6.192747328706	6.82088060587478
ATGGTGTCTAAT	MPA	MPA.1	3	3.93950270968507	-11.6166264075737	-3.08549388826937	-6.07505867285273	6.81451244562698
CACCCAGACACG	MPA	MPA.1	3	-2.58272676279726	-5.95672673302608	0.420999638888702	-5.48170969290278	6.0847746869905
CACGCAGTTAAT	MPA	MPA.1	3	-1.56399520701279	-8.4340598194886	-1.93072084600908	-6.24419901175044	6.0390040418489
CACTTCTATAAG	MPA	MPA.1	3	-1.34240314919833	-6.51581431071621	-0.677066732957509	-5.55543682379267	6.04664058893752
CAGGTGGAGAAG	MPA	MPA.1	3	-3.80540721791143	-6.09099910208114	-1.41126480450813	-5.40504762930415	6.07070799082351
CATATGCCAACC	MPA	MPA.1	3	3.53535198096453	-5.17216265344931	-1.31756614309103	-7.48999283117793	6.94515724390579
CATGGTACATTT	MPA	MPA.1	3	2.23647924438446	-9.49757334776368	-2.94680589504827	-6.53390619558833	6.52343292444778
CCAATCCCGTCT	MPA	MPA.1	1	6.64408808938454	-4.68210474834498	-2.02060570512534	-7.30696508688471	6.83425684183669
CCAGCGGTAGAG	MPA	MPA.1	3	5.42193409150453	-7.37862231233593	-1.88651664405195	-6.79829380316279	6.95282621592117
CCCAAGCAAGGT	MPA	MPA.1	2	2.02583501339404	0.101261987100226	-4.10462946865846	-7.47748396200678	6.89130659311843
CCCAATCCTGCT	MPA	MPA.1	3	2.05909252169281	-5.32920362246315	1.75228472651474	-7.24187156958125	6.85921735971999
CCCCGCATGTTT	MPA	MPA.1	3	10.0790123074808	-7.10014287476774	-1.68610602570567	-7.46244928640864	6.94390506952834
CCGAAATTCTTA	MPA	MPA.1	3	10.806995978256	-6.66963334189891	-5.08212836647074	-7.49945232672236	6.88829918116164
CCGTCATCTAGG	MPA	MPA.1	3	0.157226847854696	-6.85299629128971	0.435539772758918	-6.0689155797436	6.1393196126802
CCGTCCCGCTCG	MPA	MPA.1	3	1.00505780772043	-8.69163859025279	-0.133510170501723	-5.99409935278437	7.31762857645583
CCTAATCACTTC	MPA	MPA.1	3	2.21663586289672	-7.35623850579563	-0.245731902647745	-5.96537992758296	7.50824518412185
CCTCATTACGCT	MPA	MPA.1	3	3.02059511958724	-6.79159349168128	-0.902083956040183	-5.97788402838252	7.50393171518874
CGCCGGTCGAAT	MPA	MPA.1	3	1.8965501423515	-7.13870120238847	-4.19223488045988	-6.79224989218257	6.91406555384231
CGCTAATCGACG	MPA	MPA.1	3	-0.937541703553058	-10.4354593833139	-2.54272842200387	-5.99454567236445	6.7882248899324
CGGCATTATGAA	MPA	MPA.1	3	-4.13156258467987	-8.11606505347878	0.566983001402084	-5.68111440939448	6.53734131067825
CGGCGCCAATTC	MPA	MPA.1	3	6.43811403274723	-9.74060185859256	-5.05701473335691	-7.18705818457148	6.89114065378738
CGGCGGTACTGA	MPA	MPA.1	3	2.7420644475679	-11.1316760248439	-3.07459045463262	-6.52567121786616	6.21421690195632
CGGTCTAGTCAT	MPA	MPA.1	3	3.61778601463693	-6.53882457603754	-0.102678498556225	-6.17954656881831	6.84541483133865
CGTGCACCACAA	MPA	MPA.1	3	-5.86517874344011	-5.60345014534722	1.49848380197391	-5.72221634192011	6.43016786783767
CTACGCTGCCAC	MPA	MPA.1	3	-4.69782724082555	-4.96905847880862	1.22427568660774	-5.7678901891186	6.6946699163301
CTAGCCCGCGAT	MPA	MPA.1	3	-4.08148149144895	-7.53939100053147	0.73754666672288	-5.73441574377558	6.57524461954665
CTCAACCCAGGT	MPA	MPA.1	3	-1.78829288421755	-7.57997821454254	-0.822091444561852	-5.92568895620844	6.11274166315627
CTCACAATCCGA	MPA	MPA.1	3	3.8498729207057	-9.72199069554801	-4.25908075276841	-6.56931707663081	6.63026352137161
CTCAGTCCCACT	MPA	MPA.1	3	-0.465186107892332	-4.75102071979897	0.646275621108237	-5.99439165396235	7.46322508066726
CTGAAATGACAA	MPA	MPA.1	3	4.62692805375195	-14.9306421058453	-7.50359410713253	-6.30095121664546	6.39863653391433
CTTCGTAATAAG	MPA	MPA.1	3	1.0973320107987	-9.89997050617504	-2.1966651868606	-6.79266807837031	6.78389091700149
GAAATCGCTCAC	MPA	MPA.1	3	0.88894219378222	-10.2656675221392	-3.13580618081711	-6.82428810400508	6.81682033747268
GACAAGACGGGC	MPA	MPA.1	3	-1.6657930161327	-6.14143008587972	0.588227741250813	-5.4274737576916	6.12543125361038
GACACATCTAGA	MPA	MPA.1	3	2.68514511181503	-11.0861540220523	-2.33055013449953	-6.43325826925776	6.1221191427095
GACACCGTATGG	MPA	MPA.1	3	5.03997657717761	-6.06775387766995	-0.621814890638726	-7.27846834463618	6.89804287165237
GACAGTAAAGGA	MPA	MPA.1	3	-2.23847456329449	-6.56540378335929	-0.400521933423275	-5.40017149252436	6.07137556284499
GACCGGTTTAAC	MPA	MPA.1	3	-3.67431425707212	-5.68547404588283	2.57963862283407	-5.84799787802241	6.31133527964187
GAGACGGTACAG	MPA	MPA.1	3	6.24331373805265	-9.4861776995609	-4.98868355336419	-6.52939007086299	6.24136228769851
GAGTACTGCGGA	MPA	MPA.1	2	10.928589033457	-0.0929515012443346	-4.5431128314876	-7.44466230673335	6.85654707163406
GATGAGCGGACC	MPA	MPA.1	3	1.99617856477778	-9.33058586526832	-1.67647780902282	-6.39864179892085	6.72830934732986
GCACTCTATCCC	MPA	MPA.1	3	7.69265808469297	-11.3321264156516	-6.96208679901286	-6.79753086370967	6.97642822474075
GCATACGGCTCC	MPA	MPA.1	3	-0.67330881674324	-6.35797725157197	0.73620207693969	-6.10728380484126	6.02528257578445
GCCCTCATAGAT	MPA	MPA.1	3	-2.72015436875138	-9.69102793874045	-0.705759888660352	-5.87922117514155	6.72078199595046
GCCCTGAGAATC	MPA	MPA.1	3	-0.262346303983707	-7.3947567509316	-0.00517608933021935	-6.18227455420039	6.07048053949905
GCCGCCGCCGGA	MPA	MPA.1	3	-1.74363018059832	-1.81046587768531	-2.45004686654209	-5.56814024252436	6.43791313379836
GCCTAAACTAAT	MPA	MPA.1	3	-3.08834804106997	-7.76774473615278	-1.01718924604138	-5.39493582052729	6.08915252893997
GCCTGAGCTAGC	MPA	MPA.1	3	0.944197826691537	-4.7574120513264	-1.91170747411778	-6.79802629751704	6.76519365519119
GCGACCTTCCCA	MPA	MPA.1	3	-2.75431223914515	-6.11689156168111	3.03443912225244	-5.93400213522456	7.4812705060823
GCGTATAGCGAT	MPA	MPA.1	3	0.1331250336946	-11.4678879047481	-3.57422689536094	-6.24236748022578	6.43157596796584
GCGTCGGAGGCG	MPA	MPA.1	3	-1.54093696977689	-5.17164218204024	-1.54974017344054	-6.47262737555049	6.40847654551101
GCTCTGCCCTCA	MPA	MPA.1	3	-2.62943173573508	-6.978699667408	-1.77839554951806	-5.92410490316889	6.83948202341628
GGAAGGCCAAGT	MPA	MPA.1	3	-0.981218663295332	-7.62576010305326	0.522403578694981	-6.27304003042719	6.01232929438186
GGGAATGGATGC	MPA	MPA.1	3	-1.81051272971571	-9.15364941249503	-2.43295907246381	-6.23015329641841	6.0688473722322
GGGCACGCAGCT	MPA	MPA.1	3	0.702874512017227	-5.31063492317201	-1.48709213567388	-6.27212021154902	6.00605459421706
GGTCTGATTAAC	MPA	MPA.1	3	2.57574749337756	-10.2530249575222	-4.31181076733494	-6.86490938467524	6.84918422907424
GTAACCACCTTC	MPA	MPA.1	3	-1.59795121847861	-7.49393285680907	-0.0629089418842853	-5.94181034369013	6.60602016657424
GTAGAGAATCAG	MPA	MPA.1	3	7.50357625607611	-7.13787481355032	-2.93420941083303	-7.48135683340571	6.92765493601394
GTAGCAAGCGGA	MPA	MPA.1	3	2.48600362667541	-9.09234314177936	-3.34102441077309	-6.78081629080317	6.80497188776565
GTCACGCAATGT	MPA	MPA.1	3	-0.638002053103121	-6.24189950843232	-3.35657337214764	-6.69867012304804	6.67323751658035
GTCCGATCGAGC	MPA	MPA.1	3	2.37382436723888	-9.59975495025722	-4.04762622823958	-6.70805666250727	6.72293920725417
GTCCTTCCCCAG	MPA	MPA.1	3	-5.49098357500744	-3.00918960388552	5.58453669741435	-10.0160433988049	-6.1396315553801
GTCTCCACGCGG	MPA	MPA.1	3	1.04313534007453	-7.046024616123	-2.52204357872281	-6.37283441824458	6.02383918970657
GTCTGTCTAGTG	MPA	MPA.1	3	5.07075200364559	-8.80692519644184	-3.55356157837293	-7.06455347342036	6.88056488245559
GTGCCGGGTGGA	MPA	MPA.1	3	-0.622703073192622	-10.2298189581724	-2.29836226741471	-5.91420814795039	6.7412597677095
TACAGTCGCAAA	MPA	MPA.1	3	6.37559132898168	-9.37999059038958	-6.88182230763092	-6.79197332663081	6.96618004053664
TAGACTGAGGCG	MPA	MPA.1	3	7.36610671892628	-7.64740848617036	-3.35781277823907	-7.18976232809565	6.75635261744094
TAGCAACCTTCT	MPA	MPA.1	3	-0.755376497797673	-10.4349345933204	-2.01150690784706	-6.22429392141841	6.09284086435867
TCCCCCCAGTTC	MPA	MPA.1	3	1.37426725073817	-8.16923396673912	-0.0827745588983066	-6.046498034425	7.40253133982253
TCCCCCCTCCCT	MPA	MPA.1	3	-0.913005290633129	-6.15270091643204	1.53378682622453	-5.94270345968745	6.23309393137527
TGACGACTCAGC	MPA	MPA.1	3	5.92561457442557	-7.86188303240864	-2.07644326175444	-7.11485311789057	6.73905773371291
TGCGACGCCGAT	MPA	MPA.1	3	-3.25491190606904	-5.10183384343441	1.71741512934352	-5.87154695791743	6.36698360651565
TGGGTCCTTCAC	MPA	MPA.1	3	-2.28983152188551	-6.37219403551221	1.30440482812151	-5.97388479513667	7.34099550455642
TTGCCGATGAAC	MPA	MPA.1	3	4.95152941980012	-10.6836156910628	-3.94324406370491	-6.49439737600825	6.15204067438674
AAAACGACCTTT	Guanine_MPA	MG.2	2	-0.302871560221101	3.88899594875936	0.640252222068451	3.74841621118047	-2.11228399068284
AAACACTTTTCA	Guanine_MPA	MG.1	1	2.13209090272751	-3.09833397872938	1.06374977011229	-2.38140926165126	2.30050738066268
AAAGGTAGCGGA	Guanine_MPA	MG.1	4	9.47345787817971	-1.08039826418626	1.980050119468	-2.55227920813105	1.48410589903426
AACACATCAGAG	Guanine_MPA	MG.1	3	0.238155659674023	1.53761175536063	7.17206553649832	0.150913681559346	-2.50739340573716
AACAGCGAAGAA	Guanine_MPA	MG.2	1	-4.22421369425986	0.762397189285206	2.55691787406887	1.28924718099096	-3.66474895268845
AACCAAAATTTT	Guanine_MPA	MG.3	4	0.12362961977191	0.621191327507343	2.38486441826525	-2.4332327584698	1.85127057045532
AACCACGGCCAG	Guanine_MPA	MG.2	4	0.32455592918464	-0.814336031880605	4.27867110828736	-1.01416126293681	-0.858612463773963
AAGAAACTTGAG	Guanine_MPA	MG.1	4	7.63994136997607	3.76256230173777	0.557597101734319	-4.07603833479426	0.678289770184281
AAGAAGTACCTA	Guanine_MPA	MG.1	4	6.10437760352205	-1.09880746136505	4.22035559335097	-2.7488791684582	0.499248399434808
AAGATCTAGACT	Guanine_MPA	MG.2	4	-0.0657092953665904	-0.620184741088059	3.94260163214419	0.273219492010854	-0.951607511343238
AAGCTACAATCA	Guanine_MPA	MG.1	4	11.2509337044918	7.11624454319082	3.76883082922093	-2.90159318251155	1.21605099648071
AAGGTACAGGGC	Guanine_MPA	MG.3	3	-0.714907063120199	1.68383350958232	0.448357421633783	-0.176324550338008	-1.54614620000291
AATCAACCGACG	Guanine_MPA	MG.2	4	-0.181400181851345	4.42289448676215	2.53867851950701	-0.159842614360072	-1.58805613309312
AATCCCAGACAC	Guanine_MPA	MG.3	4	-5.43463448336824	-1.25949766530867	9.44726021272299	-10.2733037213757	-6.6448019006865
AATCCGAGATGG	Guanine_MPA	MG.1	4	12.7719408725355	1.18268831929178	3.06309449881759	-3.96488282484553	0.936552326230529
AATGAATTGAAG	Guanine_MPA	MG.1	4	8.72533262552414	-0.297116865116869	2.55979710429874	-3.02940199179194	1.15535904377532
AATGCCCTGTTC	Guanine_MPA	MG.1	4	11.7334460196098	3.36323014397106	7.06822092143532	-3.10675713820002	1.94485564440322
AATGGAACCACA	Guanine_MPA	MG.2	4	1.45347216173572	-0.331468123177734	2.09723888154844	-3.01864239973567	2.04191596716476
AATGTCAGTACT	Guanine_MPA	MG.2	4	-1.57899458679003	3.24957153079739	2.75474764342264	-0.196058038897731	-1.51151733189988
ACATAGTAGCTT	Guanine_MPA	MG.1	1	-0.72967679501829	0.507396440961736	7.17388191829696	0.326320435576223	-2.08559040814805
ACCAAGTCGCTC	Guanine_MPA	MG.1	4	11.7212968816749	-2.34815952073329	3.83646180934418	-4.02337167067073	0.543140961824181
ACCGCCATAGGG	Guanine_MPA	MG.2	4	1.01430713152723	-0.542277765859592	3.6309754883697	-0.311273161597468	-1.29025559216904
ACCGTCAGTGTA	Guanine_MPA	MG.1	3	9.93356305158893	3.27571617439476	6.88016316956992	-4.11356494230769	1.07483431607318
ACCTGTGCATCA	Guanine_MPA	MG.1	4	5.94297012893535	1.01711546543164	4.08382877099048	-2.76704046530268	1.77880759447646
ACGAAATCTAGT	Guanine_MPA	MG.3	3	4.00204730668045	0.281155263872133	-0.0636618250633996	-3.81237408918879	-0.442590282263038
ACGACCACTGGT	Guanine_MPA	MG.2	3	-6.53123472524655	-2.94126207229372	6.13158190222367	0.982416178755544	-1.96920685559678
ACGAGCTCACAT	Guanine_MPA	MG.1	4	4.87377429218707	0.870513387752124	2.56215672089525	-4.07450315756343	1.79050160854888
ACGCGCACGGGA	Guanine_MPA	MG.2	1	0.344885219341839	-1.27572309392614	-0.181448143829504	-0.719427395887591	-0.845588729681251
ACGCGCCATTCT	Guanine_MPA	MG.1	4	11.4193209171148	4.36472677566155	3.66734946042519	-2.53984997076533	1.21876527279449
ACGGCTTCGTAT	Guanine_MPA	MG.1	3	7.79776572508599	-0.280689796934697	2.63435381815076	-3.75290915770075	2.14271695822311
ACGGGATAGAAT	Guanine_MPA	MG.2	4	2.57618614156095	6.081371364115	3.03625253903464	-1.97149023813746	0.653401627240899
ACTACATCATCA	Guanine_MPA	MG.1	4	7.46325957837024	1.67651508058486	3.13084826956674	-2.71007439894221	1.30147512167526
ACTGCCCCCATC	Guanine_MPA	MG.3	4	-6.68550655494983	-0.361706184421907	9.03911179782592	-10.0447938184216	-6.32441215306687
AGACAGAATGCA	Guanine_MPA	MG.1	4	9.08345670446695	2.26876049164153	3.75482176208458	-3.17240760130427	1.46069814175201
AGACCGTTTTAC	Guanine_MPA	MG.1	2	12.9527244528533	15.0042540874249	-8.12935239497241	1.27624204354741	4.67340250223708
AGACGGAGCATA	Guanine_MPA	MG.1	4	1.2097278977124	-0.168224587660037	3.81605450688066	-2.59854457182429	1.48716671675277
AGACTCGCTCGC	Guanine_MPA	MG.1	4	10.8915458158678	2.60808941557546	1.72442738457562	-3.32965538305781	-0.0769143560545418
AGAGCATAAAAA	Guanine_MPA	MG.1	4	15.436748713511	3.6766761371196	2.39132220616299	-3.25204226774714	0.949825688300851
AGATATCAGATA	Guanine_MPA	MG.2	3	-4.41471117650016	-0.575409462356938	1.37142666392819	0.756426360182546	-0.584943459333656
AGCAAGACGATA	Guanine_MPA	MG.2	2	-5.11722482068058	4.04980602431586	-0.400422755841123	3.50558450417974	-4.82368879109788
AGCCCCCACTCG	Guanine_MPA	MG.1	4	11.6288572640632	0.876735035447105	-0.0227000217000669	-4.12329289717219	1.64485759943557
AGCCGTCGGGAA	Guanine_MPA	MG.1	3	7.70983754665811	0.912513921325279	-1.33795818109021	-3.98953721327326	0.647690414486649
AGCGCTCCGCCT	Guanine_MPA	MG.1	3	5.70970724320556	-2.44829933220852	1.75546179364509	-3.84578487677119	1.50804646223617
AGCTTTGTGGAA	Guanine_MPA	MG.2	4	0.842065061469543	2.01507138675434	2.3947167720474	-1.14770844978831	-0.784222767652747
AGGAATGAACCA	Guanine_MPA	MG.2	4	-2.12561837974866	-2.22409187747205	4.27820262331812	-0.721106138355948	-1.01523940354752
AGGATGCTCCCA	Guanine_MPA	MG.1	4	18.1032976346355	1.05673708410654	3.28086905164606	-3.37183878225825	1.19218973725868
AGGCCGGGAGGA	Guanine_MPA	MG.1	3	5.48221272467727	1.56943702318272	0.0969008437008514	-3.62045571608088	2.19918496817184
AGGCTAATCATG	Guanine_MPA	MG.1	3	17.8470694225432	7.94160966171481	7.35004734300058	-4.43486878675959	0.662584050594094
AGGGACAACAAC	Guanine_MPA	MG.1	2	13.5662072706639	8.06733672614276	-3.81067945824716	-3.79769799513362	-0.41034190446305
AGGTGCCGACCC	Guanine_MPA	MG.1	1	2.02809444221323	-0.730987769579021	5.52667208338492	-4.16033265394709	1.22909705251289
AGTGATGTACTG	Guanine_MPA	MG.1	2	1.60375786398201	2.23586828235061	-0.0329372476317396	-2.44409820837519	1.6769355079515
AGTTGCCGCAAG	Guanine_MPA	MG.1	1	12.3793819355304	-2.13278162123172	-0.570860282745329	-4.370636914201	1.32104189604354
ATAACTTCAAAG	Guanine_MPA	MG.1	4	12.9361177158583	0.0879899059384816	3.71172340238342	-3.14959142012141	1.91907544344497
ATACACGGGCGA	Guanine_MPA	MG.1	4	11.4496112986066	3.19119764099527	6.60466086303723	-3.20977923674128	1.96615667551589
ATAGGTGTGCTC	Guanine_MPA	MG.1	3	16.7100166073943	12.8047294885892	9.54807488230949	-2.29736099047206	-0.305164025129554
ATCATACCCGTG	Guanine_MPA	MG.1	4	3.19371903985249	2.38479467482686	2.34798007100157	-3.41945431036494	1.09151893764568
ATCCGGTCATCC	Guanine_MPA	MG.1	4	16.5696939437877	0.0456511099453175	0.0345235114539224	-3.53670260710261	1.07287786811424
ATCTACAATCGG	Guanine_MPA	MG.1	3	11.950197181487	-1.9061915679995	1.27009714684581	-2.34202656549952	2.24665756434036
ATCTGGACTACC	Guanine_MPA	MG.2	2	-0.983747499472785	3.97912659801647	-0.928893918674124	3.72188356118657	-3.81902437001633
ATGCACAGCAAC	Guanine_MPA	MG.2	3	5.56035911475467	4.14122671008746	5.64355740145951	-2.11902794641993	-0.280323431791541
ATGCCGACACCA	Guanine_MPA	MG.1	1	1.52392449243553	-2.71702246689014	2.66908911078605	-3.06791469854853	2.18785352915359
ATGCCTAACCCC	Guanine_MPA	MG.2	4	-1.53041404832736	0.10928442634143	3.82721085981924	-0.603958718754269	-1.10570125371384
ATGCGCGGGTAA	Guanine_MPA	MG.1	2	6.14062239821363	5.2024439103877	-0.777800143638506	-3.74774882597468	1.46755613297057
ATGCTAGTTAGA	Guanine_MPA	MG.1	3	9.08866743729951	-0.982745266989628	2.5883637851154	-2.37500772280238	2.29102690428329
ATGGCCCTTGCC	Guanine_MPA	MG.1	3	12.2693829299826	7.75556039295443	9.79960015235772	-2.82805630964778	0.8217040254159
ATGTGCGCACAA	Guanine_MPA	MG.2	3	-1.03998701448839	0.894634605059868	6.62693358805782	0.222415294222615	-2.42241983205247
ATTCGCCTCGGT	Guanine_MPA	MG.2	4	-0.913378679634205	-0.750863723489151	4.17919382800898	0.377056147627614	-0.880011127294776
ATTGGAGGAAAA	Guanine_MPA	MG.1	4	8.86590722426814	-0.458345102094012	-0.121240661228729	-4.40993234915278	1.19307450860572
ATTGGAGGAACA	Guanine_MPA	MG.1	2	20.34858578904	9.25708437317641	-1.95067992989805	-3.75556824011347	1.49601562231612
ATTGGTGCAATA	Guanine_MPA	MG.2	3	0.545368292353039	1.89230981598539	-0.404783113357523	3.70770290093877	-1.93458823949265
CAAGGCGGTTCC	Guanine_MPA	MG.2	3	0.887984807488691	4.91682803664197	7.24373465240653	-0.653342538323172	-2.44218330174851
CAAGTCCTCTTT	Guanine_MPA	MG.1	4	10.2110472482224	3.32574912704073	5.85714723858232	-2.8851587514355	0.337458326516869
CACATATCCCCA	Guanine_MPA	MG.3	4	-7.49020419128668	-0.0187598681392509	8.62667838932915	-10.0112569074108	-6.11684350758958
CACATCCCAAGT	Guanine_MPA	MG.2	4	-0.334971526018449	2.22393039755913	0.873740143773827	4.38652827935674	-2.34636263638901
CACATTTTTTCC	Guanine_MPA	MG.2	2	1.04803275918995	7.88530810202924	-0.952186118222884	5.71415593820073	-4.33695249349045
CACCCATCCCAT	Guanine_MPA	MG.3	4	-7.68804260274683	-1.53522855550951	9.06995539486312	-10.2403895596936	-6.60834579259324
CAGATGTATCCC	Guanine_MPA	MG.1	4	-2.35557836393104	-1.28958737075256	6.60708332844743	0.322706129126332	-2.25960020810532
CAGCTCCATTAC	Guanine_MPA	MG.3	4	-5.91968312179027	-0.797200326452303	9.30510047560922	-10.2414719800427	-6.6194055536406
CAGCTGCAATGT	Guanine_MPA	MG.1	3	19.6983439290901	15.1232770251734	11.0041092958378	-2.21551415724299	0.461818500457528
CAGGAACGGAAT	Guanine_MPA	MG.1	4	3.13207484927132	-0.0610998117950593	5.87688677045066	-2.4108984212353	1.88286991327834
CAGGCATCTGGC	Guanine_MPA	MG.2	4	-2.05069426094613	2.33463849693546	4.07884956964531	-0.297141853995539	-1.23703675061631
CATAACGAGGCG	Guanine_MPA	MG.1	4	6.62700926911487	1.65105838549021	8.40212389029648	-2.26771137518428	-0.312991068662879
CATCGATTATAG	Guanine_MPA	MG.1	4	12.8205129694615	0.135494203431512	6.40264969478373	-4.12416503233454	2.00745506495071
CATCGGACTACG	Guanine_MPA	MG.1	4	14.7127380709963	5.59365883787647	2.55239244312904	-3.22653291029475	1.28501297443939
CATCTGCAGAGA	Guanine_MPA	MG.1	4	10.8349416868903	2.45341661023088	0.589810441063522	-2.96644756598017	0.414378895459893
CATGAATCACGT	Guanine_MPA	MG.1	4	3.68179449373667	-1.69420767062629	3.1185120297133	-3.0032520036175	2.09736032694412
CATGCTTATGAT	Guanine_MPA	MG.2	3	2.57024525384684	4.91510933875437	8.88156789231697	-2.02215513987086	0.360674693284753
CATTCACTGGAC	Guanine_MPA	MG.1	4	8.64030943910457	-0.687409107496061	2.72857605051328	-4.33787438673518	0.834371547250274
CCAATTCGCTCT	Guanine_MPA	MG.3	4	-8.00955871388514	0.32770149679624	10.9411423531994	-10.2564580182507	-6.62869291097092
CCACCGATATCC	Guanine_MPA	MG.1	3	12.5401714532952	3.05322518921741	2.23027750420727	-3.00952312750361	1.25673364013267
CCACGGAAGCGA	Guanine_MPA	MG.1	3	9.23173137462884	10.0848832614096	9.35103376010695	-2.24541923803828	-0.310555622877357
CCAGAGGCTAGG	Guanine_MPA	MG.1	1	2.73527133238338	-4.16776380265661	0.0364089756281684	-2.91483971876643	2.20795459955764
CCAGAGGGGCAG	Guanine_MPA	MG.2	1	-5.25747837000395	-1.19848888638909	4.14424572960313	0.497545268111013	-1.01289098054337
CCATCCTCTGGT	Guanine_MPA	MG.1	4	18.6086879276422	4.95599007907005	5.95528006711498	-2.88828656477473	0.284105314908746
CCATCTCAAAAG	Guanine_MPA	MG.1	2	8.82326309350169	6.11993194093488	-2.44251476825235	-2.63845631880305	1.26583726614547
CCATGCGCACCT	Guanine_MPA	MG.1	4	10.8777478682715	1.17236495642932	2.56129470603105	-3.94399211210749	1.62762643307281
CCATGTTCCTCA	Guanine_MPA	MG.1	3	9.06713943722665	8.9143247040776	8.61928797525726	-2.52541312975428	0.240333332715752
CCCACCACCACG	Guanine_MPA	MG.2	4	12.2803256360331	11.7293679610475	6.21467121009335	-2.35952636999629	0.670543178020242
CCCAGACTGTTC	Guanine_MPA	MG.1	3	17.8891582691177	10.3808562098428	3.89916773746886	-3.35350916189692	0.445769353805306
CCCATCACTGTT	Guanine_MPA	MG.2	2	-0.157614779173224	7.13979432789527	-1.47927839662399	4.32957103448369	-2.24734620839524
CCCATTCCCATT	Guanine_MPA	MG.3	4	-6.51105019334457	-1.23654963910531	9.39588187975908	-10.2483584622814	-6.61431007176804
CCCCATTGCGCC	Guanine_MPA	MG.3	4	-6.37322189421199	-1.49336734232983	10.9927642180882	-10.2762877683117	-6.65369205266404
CCCTAACGGCGT	Guanine_MPA	MG.1	2	15.5848129248637	11.5153849568071	-2.28624971781438	1.09762921529271	4.72902722567153
CCCTCCCAGACC	Guanine_MPA	MG.2	4	0.906416330475305	2.99181447940976	6.12842191430655	0.0389566083476764	-1.8361282804625
CCGCGACAGAAC	Guanine_MPA	MG.2	3	-2.34558515449747	-2.67864837333862	4.07563166371727	-0.94950870079539	-0.865453169645545
CCGTGGTTTATT	Guanine_MPA	MG.1	1	0.428288435758163	-1.00460262507523	4.17006752643228	-4.44162461561701	0.618746562896493
CCTCTACACATT	Guanine_MPA	MG.2	3	1.0758288031303	-2.28998490599038	3.65262826931315	-2.70895955366633	0.565825386939767
CCTGCCTAGAGA	Guanine_MPA	MG.3	4	9.65791166497244	3.47709116290991	8.24425203319651	-3.28311631483576	0.379072590766671
CCTGCCTATTCA	Guanine_MPA	MG.3	4	-6.87112538277546	-1.08487002065295	9.71769714769253	-10.2013518552258	-6.56785230428147
CCTTCCTAGTTA	Guanine_MPA	MG.1	4	14.0675662809844	2.95379805727612	0.266597923909778	-3.20392820639155	1.31922672599387
CCTTCGTTCCAA	Guanine_MPA	MG.1	4	9.22554603916046	2.20736421753711	1.40743440416997	-3.31664655012629	1.01367208272052
CCTTGGGGCGCG	Guanine_MPA	MG.2	4	0.652087376714715	1.155974913919	4.29915926391464	0.0244021673724872	-1.04839317590165
CGACCCGGGCTC	Guanine_MPA	MG.1	4	23.3772694036613	12.223769644869	5.82081224368343	-3.28771397871516	0.623946263490441
CGACGCGCTCGT	Guanine_MPA	MG.2	4	2.15525935655502	0.0462945152687055	4.49118471943769	-2.71610305113337	0.625544264016869
CGAGAGCAATCC	Guanine_MPA	MG.2	3	-6.33176076708722	-3.23415980833591	5.00858417278514	0.951207544379018	-1.89825038701462
CGATCTACTCCG	Guanine_MPA	MG.1	2	0.0628697224305619	5.20303648770561	1.48934918869629	-1.97992453379176	0.609612508712533
CGATGTCTTATT	Guanine_MPA	MG.1	3	18.9285831954782	9.64016548174575	4.95567400318947	-0.680226803101518	-2.39966563970017
CGCAACGATAGC	Guanine_MPA	MG.1	1	5.2730876944385	-1.31782070362121	2.3293565878343	-2.89762112898371	2.31491513460708
CGCACAAAATAG	Guanine_MPA	MG.1	3	12.895214639768	0.59193042719019	2.98212704272123	-4.19440815252803	0.638694613276246
CGCCACATATGG	Guanine_MPA	MG.2	4	1.33108993890169	3.56935719080935	-1.20504782420538	4.54468372064092	-2.56183461934495
CGCCCAACCAGC	Guanine_MPA	MG.1	4	7.92628032574955	2.71291632596037	1.30773004771661	-3.52694556517146	1.14463864177299
CGCCCTGTTCCC	Guanine_MPA	MG.3	4	-5.06579178978012	-0.9938292781084	3.95367774022571	-10.0508582333996	-6.18564157277512
CGCTAACAAGTG	Guanine_MPA	MG.1	3	3.72287544633462	1.91043742729084	4.27210231165399	-2.35269019407771	0.233543410001519
CGCTCACGACAG	Guanine_MPA	MG.1	2	-4.02887565848267	3.91208233614039	0.502721978604136	3.81036403375127	-4.76348476201462
CGCTTGCTTCGC	Guanine_MPA	MG.2	3	-4.16842078618619	-3.08417314590874	3.46922358546769	-0.737555247075774	-0.939724729360816
CGGAACATCTTT	Guanine_MPA	MG.3	3	1.34629042205058	5.10280152759097	4.43765456991451	-0.572510998971679	-2.49254159718919
CGGACTGGCCCA	Guanine_MPA	MG.1	4	6.56373864435117	2.91452505803589	0.849182088772327	-3.7242631654217	0.865623855067613
CGGAGCAGCCTA	Guanine_MPA	MG.1	3	4.21311184021601	0.0377598633952293	6.41280653104178	-2.8517000417187	0.2604635497911
CGGATGCCTAGA	Guanine_MPA	MG.2	4	2.28577683437704	5.36958927408666	2.03800161040799	3.69050958352544	-1.96435408383774
CGGCGTAGTGTC	Guanine_MPA	MG.2	4	6.42191373328076	7.63993385620839	7.57668543750347	-2.54776296419642	0.532501741348031
CGGGCGCGCGTT	Guanine_MPA	MG.1	1	-0.0267294597697113	-2.45463572749962	3.46031664399594	-0.997093681521632	-0.787049935163734
CGGGCTCCCCGC	Guanine_MPA	MG.2	4	2.93347569534732	0.948820587775421	2.02796012518583	-2.00818333429835	0.771621025202992
CGGGGCCCTACA	Guanine_MPA	MG.1	4	14.4187872238295	4.21517923788441	4.15743097815727	-3.79384252829096	-0.433066652120826
CGTACGGGTAAT	Guanine_MPA	MG.1	3	10.4879326694092	-3.16950795211872	2.92441045634723	-2.33561966223262	2.22549874991012
CGTCGCCATCTG	Guanine_MPA	MG.1	1	13.0006763455388	-1.18144811848975	-2.20947285172385	-4.1534886102154	1.58564336508346
CGTCGTTACCCC	Guanine_MPA	MG.1	4	5.73193922054068	0.331837003772178	2.37904472038894	-3.39425275129817	1.76030523985458
CGTTTTCCCCAT	Guanine_MPA	MG.2	3	-3.23168027270157	-4.482915457187	5.60552814420526	-0.915549520678737	-0.867128179373023
CTAACGCGGCTG	Guanine_MPA	MG.1	2	4.93687806611265	11.4368915092054	0.562289567229052	-2.98652765554927	1.39960171192718
CTAACTCTAAAG	Guanine_MPA	MG.1	4	4.56137380739019	-0.268925317197224	0.879314972713406	-3.37836763662837	1.55717767685485
CTACCGACATCA	Guanine_MPA	MG.1	3	-1.73049304426417	-0.833035883722894	5.80143976815105	0.170335080199025	-2.27550391942429
CTATACCAACAT	Guanine_MPA	MG.2	3	-1.32890871040497	3.70639995037393	7.94969101746373	-0.575115200407721	-2.55327753812241
CTATAGAGTGGC	Guanine_MPA	MG.1	4	7.19542395526254	1.16849331181622	8.7031329088694	-3.62154934210322	0.882462636603239
CTCGCATAAGAT	Guanine_MPA	MG.1	3	13.4764403319842	3.99877133394937	3.89719741769501	-3.37584779066584	0.404380365310433
CTCTCAACTGGC	Guanine_MPA	MG.2	2	-5.60855487007871	2.62541609395602	-0.0110025752033973	3.49536063867071	-4.85538892537522
CTCTCTTCACGC	Guanine_MPA	MG.2	3	-3.15464003671815	-1.33440549879937	2.37008295605781	0.348758306078695	-0.994555280508277
CTGCGCGGCCTG	Guanine_MPA	MG.1	1	13.7232009035061	3.29441894819901	2.50226334881184	-4.31841180128596	1.35235758036208
CTGCGCTAAGGT	Guanine_MPA	MG.1	3	4.39129072000775	0.572523024098819	2.48063179088244	-3.8573631982281	1.88578422277999
CTGCTGGGCTTT	Guanine_MPA	MG.2	1	-3.07892158410625	1.05415052307657	5.60791075884765	0.64516344266393	-2.28995399266648
CTGGGTTTAGCC	Guanine_MPA	MG.1	4	13.4313117067031	3.95085253214647	4.02277044567283	-2.37601635260127	-0.27211587220597
CTGTGACGCAGC	Guanine_MPA	MG.1	4	13.8704133307476	3.24172584460842	0.597013219655169	-2.86935040754817	1.30992735832763
CTTAACCTCCAT	Guanine_MPA	MG.2	1	-5.46466037728455	-3.8011562656067	4.18262006709793	-0.777912769742228	-0.945568249525306
CTTACGTCGCTG	Guanine_MPA	MG.2	3	-5.64274924617703	-3.38252214269977	4.07889375073903	-0.735934790499427	-0.991482065023658
CTTCGCCGTCAG	Guanine_MPA	MG.1	4	17.0380009729028	0.776519203432599	0.722449936120838	-3.68215248388789	1.02958840042186
CTTCTAGGGATT	Guanine_MPA	MG.1	4	10.0010266685539	1.29307670309317	6.12657484820858	-2.79871079725764	0.691830380855325
CTTGCCCATTGC	Guanine_MPA	MG.3	4	-8.44737775738982	-2.45319242314271	7.89711334599857	-9.96860191626094	-6.06935815602708
CTTTGCAAAGCC	Guanine_MPA	MG.1	1	2.6772576414544	-4.47371873389984	3.0489799007131	-2.46281275553248	2.50383086412978
GAAGTGTTGTTT	Guanine_MPA	MG.1	1	14.6853764512908	3.30755401855017	3.98790009084566	-3.66526624960444	0.451455964742425
GAATTCTTCCAT	Guanine_MPA	MG.2	4	2.33887285420571	2.25569436126547	3.40628998329861	-3.66945884031794	-0.17844288140702
GACACCGGTCCA	Guanine_MPA	MG.1	4	5.19284743298865	-2.15885613198181	2.88665067315021	-4.21192166609309	1.97913689821792
GACTACATTTGG	Guanine_MPA	MG.2	3	-5.49290831326245	-1.09819317187025	2.76594550010015	0.534431244902394	-0.956408427061317
GACTCTCACAAG	Guanine_MPA	MG.2	4	8.81599335852991	5.46399583328903	4.15428694785647	-1.97783396048091	0.714431448875191
GAGATGAATGCA	Guanine_MPA	MG.1	4	16.5096871389336	0.58098292303906	1.39019931944918	-3.16860363287471	2.12881274431777
GAGCATACCGGT	Guanine_MPA	MG.1	3	3.12151704823832	-1.24409351992278	5.10535903511139	-3.47985694212458	2.14467842787338
GAGCTGAACAAG	Guanine_MPA	MG.1	3	10.6967158106632	5.25418708752712	4.96973051928827	-3.03034350676081	1.11434179454875
GAGGACATGAAC	Guanine_MPA	MG.1	4	13.826796233781	-2.84293247439652	0.0582477354466545	-2.34398171705744	2.26531906336379
GATAACAGTTCG	Guanine_MPA	MG.1	4	13.1257688342246	0.183824832138193	3.57999384289051	-2.99890372557185	0.394562586246255
GATCCACTGTTC	Guanine_MPA	MG.2	4	6.75280307129226	5.17796190565115	5.55852636673891	-2.54483220381282	0.473001136480096
GATCCATGTGTG	Guanine_MPA	MG.1	4	17.0927794715793	1.63966399373108	0.505566785473353	-4.32301828665278	0.87503368946557
GATCGCAGAATC	Guanine_MPA	MG.1	4	9.71570401313295	0.215045274690355	1.8282575004952	-3.60546109480403	0.920405528543713
GATCGCTCTACT	Guanine_MPA	MG.1	2	12.2848823692519	10.2355129495898	-8.10299752099746	1.2055634518192	4.72100944727493
GATCTGAGACAG	Guanine_MPA	MG.1	3	10.0151409840313	-0.407332012560996	4.46175320498945	-3.40869734091304	1.63619615048003
GATGAGTAACGG	Guanine_MPA	MG.1	4	12.478030903027	-0.269628641134251	3.89253096061424	-3.49180576605342	1.2335054418428
GATGTAAGTGAA	Guanine_MPA	MG.2	4	3.36180239968061	2.13166223775821	3.24366039664618	-3.45990989012263	-0.235907242597816
GCACACGAACAC	Guanine_MPA	MG.2	4	9.58328025438865	3.76763707385924	6.53093083610766	-2.57026836676142	0.728750123677972
GCACATACTTAT	Guanine_MPA	MG.1	1	5.12675212589095	-3.05389935618306	4.02617229398634	-2.38425383371852	2.27087874620986
GCACGGGACGTA	Guanine_MPA	MG.1	4	16.1819933895152	0.515432744055466	1.82073062460051	-3.56441852850459	1.17356450766158
GCATAGTATCGT	Guanine_MPA	MG.2	3	-3.57703101868542	1.92651224759449	6.96817899064048	0.430167581610463	-2.87272863179612
GCCAGTAATAGT	Guanine_MPA	MG.2	4	6.28488137984291	6.35001912382184	3.01964427633548	-1.96877953810237	0.717579438386681
GCCAGTGGGCAC	Guanine_MPA	MG.2	4	6.25670990281797	5.08796054106235	2.08214331072369	-3.80641290945552	0.00868399351668625
GCCCACCACTCC	Guanine_MPA	MG.3	4	-4.45793724594023	-0.65396532233044	8.77283143221853	-10.2634808759167	-6.63532857686448
GCCCGGCTACTA	Guanine_MPA	MG.2	4	-2.06884216947884	-0.384500561501289	3.97619320231916	-0.653838036624633	-1.06236164361405
GCCTGCCCTCCT	Guanine_MPA	MG.2	4	7.49478423545096	-0.932912865180801	2.84340502404276	-2.36140796942256	0.892252679949823
GCCTTGTACTAG	Guanine_MPA	MG.1	3	7.11788697131868	2.23784643425836	3.3098542348405	-2.45893392366908	2.17047269552779
GCGCAAGCCGAT	Guanine_MPA	MG.2	3	-1.82884778859611	-0.601120819330375	0.338424707492447	-0.52826802087567	-0.801035092176673
GCGGGTAAAGTT	Guanine_MPA	MG.1	4	4.30346696800812	1.35656000224273	6.30667452020946	-3.76678392691157	0.000594629941704561
GGAAGACGGTTC	Guanine_MPA	MG.2	4	-0.409470028259754	1.83779096789531	3.67179115847281	3.55941417413213	-1.95102481633591
GGAGCACATCAT	Guanine_MPA	MG.2	4	-0.00874649089698645	1.65357024647685	4.97239832467232	0.186489131026052	-0.91130785733628
GGAGCCGTCCAG	Guanine_MPA	MG.2	1	-6.53330124290578	0.482211409400826	2.44989032415146	1.68861773210027	-2.69598655492234
GGCACGACGAAC	Guanine_MPA	MG.2	3	-4.17894095397296	-4.04076908589715	3.66571047502908	-0.861082960195758	-0.89571218282151
GGCATCCCAAAC	Guanine_MPA	MG.2	4	-2.18668276739517	3.04553778239018	4.19585165937138	3.5717356463001	-4.87188367635178
GGCCACGCCTGT	Guanine_MPA	MG.2	4	2.88893734363844	1.76737677743112	-0.26609793161987	-3.6575295667126	-0.278301046194312
GGCCAGACATAT	Guanine_MPA	MG.1	1	8.01518937039069	-3.3011788470802	1.13650848522479	-2.84713527960322	2.3747807285173
GGCCCGTTATGA	Guanine_MPA	MG.2	4	-4.23293258410059	2.85147218295592	0.854971541776691	3.81155088143804	-2.00704889089036
GGCCTACCGTAT	Guanine_MPA	MG.3	4	4.71715499617125	0.993330193649242	3.21391470555901	-3.92447540564082	0.131389155088189
GGCGACGGACCC	Guanine_MPA	MG.1	4	-2.66097829617542	1.80296867110064	4.88151439964446	1.560843970351	-2.13005976468491
GGCGCGCTAGAC	Guanine_MPA	MG.2	4	9.70837692017974	5.12956496178068	4.3739938671162	-3.74476358694575	-0.439955637754676
GGCGGCTCGACT	Guanine_MPA	MG.1	4	10.169714425775	-0.157131846300772	3.96730119322472	-3.2067980508282	1.31062079876495
GGGACGATATGA	Guanine_MPA	MG.1	4	8.04719157710294	-0.927553625282737	4.68776969254401	-2.76235673231623	0.479962541757348
GGGCAGTCGGGG	Guanine_MPA	MG.1	2	10.6287427359066	7.86097650323574	-2.98844884958604	-3.42750046057246	1.72329009979797
GGGCATTTATGA	Guanine_MPA	MG.2	4	2.03503346802485	0.525108574429758	0.900416739455596	3.68085601525762	-2.04424624234605
GGGGAAGCCCCC	Guanine_MPA	MG.2	2	-7.68229780653374	2.18133936522985	0.557607564632226	3.48627450662114	-4.65534381658005
GGTATATTCCGC	Guanine_MPA	MG.1	3	5.15229665441975	-1.60791326216369	6.55080660921225	-1.26512775225184	-0.608095691503761
GGTCCAAACTCT	Guanine_MPA	MG.1	3	9.53522594984515	5.63040823588696	4.91681107996817	-2.49155006212733	0.166572167573693
GGTCTGGGCTTT	Guanine_MPA	MG.1	1	6.19368292637914	-2.19955822312352	-2.93471096847419	-2.59372148317836	2.37831468790603
GTAAATGCAGTC	Guanine_MPA	MG.1	3	15.314167232599	15.915688278691	13.8161882322654	-2.45374474329493	0.202879264055016
GTAACGAATAGT	Guanine_MPA	MG.1	4	15.4805235577656	2.51712555289501	0.546680302312423	-4.39660689634822	0.687980650959733
GTAACGTTCTTC	Guanine_MPA	MG.1	4	15.6029285267148	0.582264989471767	0.865710792171214	-2.98095295233271	1.3192367395742
GTAGAAAAGGTC	Guanine_MPA	MG.2	1	-2.57209685500771	-0.807857186081632	5.22213872093103	1.21039440827825	-3.64604072362351
GTAGACGACTGT	Guanine_MPA	MG.3	4	3.40244531830301	1.22093935205365	6.89546051456852	-2.94111034674189	0.44580148070884
GTAGATGCACAC	Guanine_MPA	MG.1	4	14.6979483842417	0.72297315375189	2.10268558974821	-2.95416972441218	1.39079995363784
GTAGCAGACTTC	Guanine_MPA	MG.1	3	12.4731084693632	1.99706484023881	0.106668199561101	-2.90635130209468	1.38674111574722
GTCACCCCCATG	Guanine_MPA	MG.2	3	-0.989250038311279	0.660890886695109	2.65687155548637	1.3478449841068	-0.596595094503638
GTCAGTCCCCAT	Guanine_MPA	MG.3	4	-8.48912021543564	-1.42798265939438	8.64085138821304	-10.0066115598156	-6.13052444249558
GTCATATCGAGA	Guanine_MPA	MG.1	4	12.5779499487581	10.120600394626	0.101878155288443	-2.85402819914363	0.959750725923302
GTCATATTAAGA	Guanine_MPA	MG.1	2	3.19768865972547	1.12544179771671	3.30576750444109	-3.36198756498835	2.03456444948745
GTCATGTGCACG	Guanine_MPA	MG.1	4	11.9479887866646	6.7851983800375	7.14877924362053	-2.33079156679652	-0.286718652548072
GTCCACATCAAA	Guanine_MPA	MG.1	1	2.81781086053719	-3.27306715668127	-0.415595673894846	-4.28918382925532	2.01853687971664
GTGACCCTCACT	Guanine_MPA	MG.1	4	14.386264453576	4.14457256071188	2.94676888011446	-3.88806268972895	0.538321449456933
GTGCCACTTCAC	Guanine_MPA	MG.1	4	19.1879096175261	5.60427465602247	2.72316513671603	-3.30886432928584	0.652556969819787
GTGGACGGGTCA	Guanine_MPA	MG.2	2	-1.54729679617259	9.44504809310298	-0.503183351591569	4.69639804559209	-3.59476308614182
GTGGTGCTGCCC	Guanine_MPA	MG.3	2	2.51017426762321	12.4188547665092	-0.584041023705788	4.62087991433599	-1.97724942952561
GTGGTGGTCTGG	Guanine_MPA	MG.1	4	3.2146769516517	-0.672958562124144	3.84171317143	-3.64772674841426	2.1764335176332
GTGTACACCGAA	Guanine_MPA	MG.2	4	-0.308667731361413	0.103395479242558	4.16129421220355	-0.786335025258281	-0.837915227712867
GTTACGAGACTC	Guanine_MPA	MG.1	2	1.95121065829611	2.17000808516445	3.86567840583697	-4.3805565576031	0.989781304298165
GTTCATGGCTAG	Guanine_MPA	MG.1	4	19.8196450053406	10.7067307291124	7.8115330665083	-3.97279569906733	0.482208027539971
GTTGAGCCCATG	Guanine_MPA	MG.3	1	-5.3233244889788	-0.878983163526598	7.35417046367057	0.284453477434896	-2.21961550504136
GTTTAAGGCCTG	Guanine_MPA	MG.1	4	6.54828297936016	-2.06747747029351	2.50269976708176	-3.49185392660639	0.926099746523621
TAAGCAGGACAA	Guanine_MPA	MG.1	3	13.1261959580624	3.3932153910359	4.84955637391724	-2.98013779921076	0.853636342136386
TACAACCCTGGA	Guanine_MPA	MG.1	1	7.34929354697283	-3.08434297867133	4.95496172048039	-2.42602536482356	2.43478532045913
TACCCCATTACA	Guanine_MPA	MG.3	4	-6.32427581265515	-0.600208754660007	9.18196894319877	-10.2154633740856	-6.58123283177781
TACGTCCTCACG	Guanine_MPA	MG.1	1	22.9636146277993	1.18166609601722	1.10982190127306	-4.41989609999201	1.2778899213655
TAGGAATATCAA	Guanine_MPA	MG.1	4	9.36844167328826	-1.35155566707262	4.62039587856644	-3.13780066771052	1.35882161468101
TAGGACACATAG	Guanine_MPA	MG.1	2	3.54915614066603	-0.973087592473546	0.188911033588902	-4.31211659712336	0.863494657946947
TAGTCAACTCCA	Guanine_MPA	MG.1	4	1.41964850109253	1.1643754115282	2.13085296300954	-2.4539904336407	1.668597056566
TATCGAGCCCTG	Guanine_MPA	MG.1	4	19.6262001830532	1.91902486625913	-0.155558642731793	-3.77521655363581	2.12358422487808
TATGTCCCCTCA	Guanine_MPA	MG.1	4	19.9356071079218	4.2392511442322	5.83203084610349	-2.98215338987849	0.92867718547416
TATTCCCGTTCT	Guanine_MPA	MG.1	4	13.2769849251689	9.06515861043677	7.69976310381723	-3.91495106024287	0.117039992509606
TCAAAGCCGTGC	Guanine_MPA	MG.1	4	10.3210715765655	3.16637392126754	0.606851316618601	-3.13429043097041	0.373979284463647
TCACCACCCCCA	Guanine_MPA	MG.1	4	2.07582460134776	-2.36804516092375	2.3261156907489	-5.92701217932246	7.52688999384475
TCAGACAGCGGA	Guanine_MPA	MG.1	4	7.26722226794937	4.8432459583561	2.9473174168286	-2.75330278677485	1.61523909777236
TCCAGCCCCCGG	Guanine_MPA	MG.1	4	8.11384390685723	3.64431604646011	3.73087231679878	-3.93716785711787	0.862644275685969
TCCCCTGCCTGG	Guanine_MPA	MG.3	2	3.37760881486879	0.94120614509386	-1.01282985532691	-3.46037361425898	1.37503023356033
TCCGTGGCCCTC	Guanine_MPA	MG.1	1	-1.79779886732019	-2.71305100434821	3.42949195064785	0.573907997183583	-0.87536351472306
TCGCTCCCACTG	Guanine_MPA	MG.1	1	-0.149560790871853	-1.35595963291239	4.72779704060878	-4.10250971121333	1.18671198099685
TCGGAAGATGGA	Guanine_MPA	MG.1	3	7.58114187460176	-2.92205791711514	1.44655864750409	-2.92049214643977	0.351695789991143
TCTACCGGTCAG	Guanine_MPA	MG.1	3	7.84313450632812	0.0110772858517337	7.3055965831035	-3.14381835264704	2.10739870279861
TCTCTAATGTAT	Guanine_MPA	MG.1	4	12.0987740669894	-0.160480296841708	0.387811414800258	-3.92053267759822	2.11094374865127
TCTGGCGGAATG	Guanine_MPA	MG.2	1	-0.808492325561558	-0.61593871502368	2.70693145818593	-0.895197946853854	-0.8276073196547
TGAAAGCCATCA	Guanine_MPA	MG.1	3	4.52973871658059	2.90660838390698	6.90140170522993	-3.98034927649043	1.19219444602561
TGCCTAGAGCCG	Guanine_MPA	MG.2	4	-2.16372879123934	1.96723586557554	2.50098571235542	-0.545855168528773	-1.1366551378386
TGGACCCTCCTG	Guanine_MPA	MG.1	4	13.1024636308324	-3.14711170787806	3.38446509973281	-3.01993129057429	1.65752841442657
TGGCCCCTCCGT	Guanine_MPA	MG.1	4	21.6155877853766	4.77675156726579	1.70020343729553	-3.39320466322444	0.680962397752526
TGGTCCCAGCTA	Guanine_MPA	MG.1	4	13.3245208636598	0.230499524305196	3.69367362183795	-3.55343100828669	0.506966753898385
TGTAAGGAGTGA	Guanine_MPA	MG.1	1	0.934548130201819	-1.01237236661743	2.91884065901829	-4.25655410093806	1.26214180797172
TGTAGCGGCTTA	Guanine_MPA	MG.1	4	16.5676265139446	3.4364248806062	4.49331785641402	-4.25917455954096	0.893797126634243
TGTCCCATTCCG	Guanine_MPA	MG.3	4	-8.3007521703085	-2.53105314400246	10.1062365277085	-10.2158419827893	-6.56973342687058
TGTCGATCATCG	Guanine_MPA	MG.1	3	13.8408861375843	-0.00613220185812494	2.714657871692	-4.00394961637995	1.99548776358199
TGTGGTGTATCT	Guanine_MPA	MG.1	1	11.0870742365982	1.63595621896582	2.08072458722698	-4.1880573968365	0.868353847449842
TTCAAATAAACC	Guanine_MPA	MG.1	4	14.7564864976841	0.74114744233729	-2.93695853660034	-3.3043789605572	0.82741574108434
TTCAATAAGTGA	Guanine_MPA	MG.1	1	10.4626417277272	-2.59403679060873	1.2424654616378	-3.47407576841853	1.50706888645721
TTCCAGCGCCGC	Guanine_MPA	MG.2	4	1.44232488151974	6.23919586005347	1.79485784967063	4.53441789346197	-1.99797825604844
TTCCCATCCGTT	Guanine_MPA	MG.1	1	4.17253682068175	-2.98123399460228	1.79371140453982	-3.5069267491772	2.17817349642349
TTCGAACAACGT	Guanine_MPA	MG.1	2	9.66957626253053	6.36799616524938	1.40498757377257	-4.10745308203242	0.441607161460641
TTGATGTCGGAA	Guanine_MPA	MG.1	2	0.743102973893833	1.56884833150028	-1.84983369519908	4.40868928628423	-1.7359781721251
TTGCTATAATTG	Guanine_MPA	MG.1	4	16.3021144324564	2.25713552942572	2.910842633154	-3.91051313681147	2.13518078535629
TTGGCCAGTAGG	Guanine_MPA	MG.2	2	-0.327500787094615	5.10266892130574	1.01094847897542	3.57218291955449	-3.76855592519212
TTGTATCCAGCA	Guanine_MPA	MG.1	4	8.93767402554277	1.91898683558649	2.66768776514172	-3.54763552946589	0.720784409938577
TTGTTCCCCGGT	Guanine_MPA	MG.1	4	8.62070723014011	1.2182778875279	2.8233388307769	-2.90974519056819	1.98073346823287
